Year,Race,Driver,Team,LapNumber,LapTime,Compound,TyreLife,Stint,Position,TrackStatus
2022,Bahrain,VER,Red Bull Racing,1.0,0 days 00:01:40.236000,SOFT,4.0,1.0,2.0,1
2022,Bahrain,VER,Red Bull Racing,2.0,0 days 00:01:37.880000,SOFT,5.0,1.0,2.0,1
2022,Bahrain,VER,Red Bull Racing,3.0,0 days 00:01:38.357000,SOFT,6.0,1.0,2.0,1
2022,Bahrain,VER,Red Bull Racing,4.0,0 days 00:01:38.566000,SOFT,7.0,1.0,2.0,1
2022,Bahrain,VER,Red Bull Racing,5.0,0 days 00:01:38.877000,SOFT,8.0,1.0,2.0,1
2022,Bahrain,VER,Red Bull Racing,6.0,0 days 00:01:38.940000,SOFT,9.0,1.0,2.0,1
2022,Bahrain,VER,Red Bull Racing,7.0,0 days 00:01:39.062000,SOFT,10.0,1.0,2.0,1
2022,Bahrain,VER,Red Bull Racing,8.0,0 days 00:01:39.092000,SOFT,11.0,1.0,2.0,1
2022,Bahrain,VER,Red Bull Racing,9.0,0 days 00:01:39.251000,SOFT,12.0,1.0,2.0,1
2022,Bahrain,VER,Red Bull Racing,10.0,0 days 00:01:39.392000,SOFT,13.0,1.0,2.0,1
2022,Bahrain,VER,Red Bull Racing,11.0,0 days 00:01:39.479000,SOFT,14.0,1.0,2.0,1
2022,Bahrain,VER,Red Bull Racing,12.0,0 days 00:01:39.410000,SOFT,15.0,1.0,2.0,1
2022,Bahrain,VER,Red Bull Racing,13.0,0 days 00:01:39.534000,SOFT,16.0,1.0,2.0,1
2022,Bahrain,VER,Red Bull Racing,14.0,0 days 00:01:42.050000,SOFT,17.0,1.0,2.0,1
2022,Bahrain,VER,Red Bull Racing,15.0,0 days 00:01:57.409000,SOFT,1.0,2.0,4.0,12
2022,Bahrain,VER,Red Bull Racing,16.0,0 days 00:01:36.905000,SOFT,2.0,2.0,2.0,1
2022,Bahrain,VER,Red Bull Racing,17.0,0 days 00:01:37.587000,SOFT,3.0,2.0,2.0,1
2022,Bahrain,VER,Red Bull Racing,18.0,0 days 00:01:37.717000,SOFT,4.0,2.0,2.0,1
2022,Bahrain,VER,Red Bull Racing,19.0,0 days 00:01:37.728000,SOFT,5.0,2.0,2.0,1
2022,Bahrain,VER,Red Bull Racing,20.0,0 days 00:01:38.257000,SOFT,6.0,2.0,2.0,1
2022,Bahrain,VER,Red Bull Racing,21.0,0 days 00:01:38.294000,SOFT,7.0,2.0,2.0,1
2022,Bahrain,VER,Red Bull Racing,22.0,0 days 00:01:38.243000,SOFT,8.0,2.0,2.0,1
2022,Bahrain,VER,Red Bull Racing,23.0,0 days 00:01:38.091000,SOFT,9.0,2.0,2.0,1
2022,Bahrain,VER,Red Bull Racing,24.0,0 days 00:01:38.187000,SOFT,10.0,2.0,2.0,1
2022,Bahrain,VER,Red Bull Racing,25.0,0 days 00:01:38.372000,SOFT,11.0,2.0,2.0,1
2022,Bahrain,VER,Red Bull Racing,26.0,0 days 00:01:38.476000,SOFT,12.0,2.0,2.0,1
2022,Bahrain,VER,Red Bull Racing,27.0,0 days 00:01:38.823000,SOFT,13.0,2.0,2.0,1
2022,Bahrain,VER,Red Bull Racing,28.0,0 days 00:01:38.782000,SOFT,14.0,2.0,2.0,1
2022,Bahrain,VER,Red Bull Racing,29.0,0 days 00:01:39.384000,SOFT,15.0,2.0,2.0,1
2022,Bahrain,VER,Red Bull Racing,30.0,0 days 00:01:41.537000,SOFT,16.0,2.0,2.0,1
2022,Bahrain,VER,Red Bull Racing,31.0,0 days 00:01:57.239000,MEDIUM,1.0,3.0,4.0,1
2022,Bahrain,VER,Red Bull Racing,32.0,0 days 00:01:36.527000,MEDIUM,2.0,3.0,4.0,1
2022,Bahrain,VER,Red Bull Racing,33.0,0 days 00:01:36.347000,MEDIUM,3.0,3.0,4.0,1
2022,Bahrain,VER,Red Bull Racing,34.0,0 days 00:01:36.384000,MEDIUM,4.0,3.0,2.0,1
2022,Bahrain,VER,Red Bull Racing,35.0,0 days 00:01:36.731000,MEDIUM,5.0,3.0,2.0,1
2022,Bahrain,VER,Red Bull Racing,36.0,0 days 00:01:36.920000,MEDIUM,6.0,3.0,2.0,1
2022,Bahrain,VER,Red Bull Racing,37.0,0 days 00:01:36.962000,MEDIUM,7.0,3.0,2.0,1
2022,Bahrain,VER,Red Bull Racing,38.0,0 days 00:01:36.898000,MEDIUM,8.0,3.0,2.0,1
2022,Bahrain,VER,Red Bull Racing,39.0,0 days 00:01:37.255000,MEDIUM,9.0,3.0,2.0,1
2022,Bahrain,VER,Red Bull Racing,40.0,0 days 00:01:37.308000,MEDIUM,10.0,3.0,2.0,1
2022,Bahrain,VER,Red Bull Racing,41.0,0 days 00:01:37.284000,MEDIUM,11.0,3.0,2.0,1
2022,Bahrain,VER,Red Bull Racing,42.0,0 days 00:01:37.855000,MEDIUM,12.0,3.0,2.0,1
2022,Bahrain,VER,Red Bull Racing,43.0,0 days 00:01:39.787000,MEDIUM,13.0,3.0,2.0,1
2022,Bahrain,VER,Red Bull Racing,44.0,0 days 00:01:57.242000,SOFT,4.0,4.0,3.0,1
2022,Bahrain,VER,Red Bull Racing,45.0,0 days 00:01:35.747000,SOFT,5.0,4.0,2.0,1
2022,Bahrain,VER,Red Bull Racing,46.0,0 days 00:02:09.941000,SOFT,6.0,4.0,2.0,164
2022,Bahrain,VER,Red Bull Racing,47.0,0 days 00:02:14.782000,SOFT,7.0,4.0,2.0,4
2022,Bahrain,VER,Red Bull Racing,48.0,,SOFT,8.0,4.0,2.0,4
2022,Bahrain,VER,Red Bull Racing,49.0,0 days 00:02:25.374000,SOFT,9.0,4.0,2.0,4
2022,Bahrain,VER,Red Bull Racing,50.0,0 days 00:02:24.508000,SOFT,10.0,4.0,2.0,41
2022,Bahrain,VER,Red Bull Racing,51.0,0 days 00:01:35.440000,SOFT,11.0,4.0,2.0,1
2022,Bahrain,VER,Red Bull Racing,52.0,0 days 00:01:35.462000,SOFT,12.0,4.0,2.0,1
2022,Bahrain,VER,Red Bull Racing,53.0,0 days 00:01:35.927000,SOFT,13.0,4.0,2.0,1
2022,Bahrain,VER,Red Bull Racing,54.0,0 days 00:02:04.094000,SOFT,14.0,4.0,13.0,1
2022,Bahrain,GAS,AlphaTauri,1.0,0 days 00:01:44.270000,SOFT,4.0,1.0,8.0,1
2022,Bahrain,GAS,AlphaTauri,2.0,0 days 00:01:40.169000,SOFT,5.0,1.0,8.0,1
2022,Bahrain,GAS,AlphaTauri,3.0,0 days 00:01:39.968000,SOFT,6.0,1.0,8.0,1
2022,Bahrain,GAS,AlphaTauri,4.0,0 days 00:01:40.158000,SOFT,7.0,1.0,8.0,1
2022,Bahrain,GAS,AlphaTauri,5.0,0 days 00:01:40.249000,SOFT,8.0,1.0,8.0,1
2022,Bahrain,GAS,AlphaTauri,6.0,0 days 00:01:40.474000,SOFT,9.0,1.0,8.0,1
2022,Bahrain,GAS,AlphaTauri,7.0,0 days 00:01:40.433000,SOFT,10.0,1.0,8.0,1
2022,Bahrain,GAS,AlphaTauri,8.0,0 days 00:01:40.684000,SOFT,11.0,1.0,8.0,1
2022,Bahrain,GAS,AlphaTauri,9.0,0 days 00:01:40.844000,SOFT,12.0,1.0,8.0,1
2022,Bahrain,GAS,AlphaTauri,10.0,0 days 00:01:40.981000,SOFT,13.0,1.0,8.0,1
2022,Bahrain,GAS,AlphaTauri,11.0,0 days 00:01:41.089000,SOFT,14.0,1.0,8.0,1
2022,Bahrain,GAS,AlphaTauri,12.0,0 days 00:01:41.347000,SOFT,15.0,1.0,7.0,1
2022,Bahrain,GAS,AlphaTauri,13.0,0 days 00:01:41.256000,SOFT,16.0,1.0,7.0,1
2022,Bahrain,GAS,AlphaTauri,14.0,0 days 00:01:44.005000,SOFT,17.0,1.0,7.0,12
2022,Bahrain,GAS,AlphaTauri,15.0,0 days 00:02:01.397000,MEDIUM,1.0,2.0,12.0,1
2022,Bahrain,GAS,AlphaTauri,16.0,0 days 00:01:38.705000,MEDIUM,2.0,2.0,8.0,1
2022,Bahrain,GAS,AlphaTauri,17.0,0 days 00:01:38.868000,MEDIUM,3.0,2.0,8.0,1
2022,Bahrain,GAS,AlphaTauri,18.0,0 days 00:01:38.888000,MEDIUM,4.0,2.0,8.0,1
2022,Bahrain,GAS,AlphaTauri,19.0,0 days 00:01:39.416000,MEDIUM,5.0,2.0,8.0,1
2022,Bahrain,GAS,AlphaTauri,20.0,0 days 00:01:39.134000,MEDIUM,6.0,2.0,8.0,1
2022,Bahrain,GAS,AlphaTauri,21.0,0 days 00:01:39.083000,MEDIUM,7.0,2.0,8.0,1
2022,Bahrain,GAS,AlphaTauri,22.0,0 days 00:01:39.152000,MEDIUM,8.0,2.0,8.0,1
2022,Bahrain,GAS,AlphaTauri,23.0,0 days 00:01:39.310000,MEDIUM,9.0,2.0,8.0,1
2022,Bahrain,GAS,AlphaTauri,24.0,0 days 00:01:39.363000,MEDIUM,10.0,2.0,8.0,1
2022,Bahrain,GAS,AlphaTauri,25.0,0 days 00:01:39.485000,MEDIUM,11.0,2.0,8.0,1
2022,Bahrain,GAS,AlphaTauri,26.0,0 days 00:01:39.513000,MEDIUM,12.0,2.0,8.0,1
2022,Bahrain,GAS,AlphaTauri,27.0,0 days 00:01:39.919000,MEDIUM,13.0,2.0,8.0,1
2022,Bahrain,GAS,AlphaTauri,28.0,0 days 00:01:39.665000,MEDIUM,14.0,2.0,7.0,1
2022,Bahrain,GAS,AlphaTauri,29.0,0 days 00:01:39.677000,MEDIUM,15.0,2.0,7.0,1
2022,Bahrain,GAS,AlphaTauri,30.0,0 days 00:01:39.800000,MEDIUM,16.0,2.0,7.0,1
2022,Bahrain,GAS,AlphaTauri,31.0,0 days 00:01:40.874000,MEDIUM,17.0,2.0,8.0,1
2022,Bahrain,GAS,AlphaTauri,32.0,0 days 00:01:42.305000,MEDIUM,18.0,2.0,8.0,1
2022,Bahrain,GAS,AlphaTauri,33.0,0 days 00:02:00.808000,HARD,1.0,3.0,10.0,1
2022,Bahrain,GAS,AlphaTauri,34.0,0 days 00:01:37.324000,HARD,2.0,3.0,10.0,1
2022,Bahrain,GAS,AlphaTauri,35.0,0 days 00:01:37.540000,HARD,3.0,3.0,9.0,1
2022,Bahrain,GAS,AlphaTauri,36.0,0 days 00:01:39.827000,HARD,4.0,3.0,10.0,1
2022,Bahrain,GAS,AlphaTauri,37.0,0 days 00:01:39.596000,HARD,5.0,3.0,8.0,1
2022,Bahrain,GAS,AlphaTauri,38.0,0 days 00:01:38.221000,HARD,6.0,3.0,8.0,1
2022,Bahrain,GAS,AlphaTauri,39.0,0 days 00:01:38.552000,HARD,7.0,3.0,8.0,1
2022,Bahrain,GAS,AlphaTauri,40.0,0 days 00:01:38.204000,HARD,8.0,3.0,8.0,1
2022,Bahrain,GAS,AlphaTauri,41.0,0 days 00:01:38.301000,HARD,9.0,3.0,8.0,1
2022,Bahrain,GAS,AlphaTauri,42.0,0 days 00:01:38.329000,HARD,10.0,3.0,8.0,1
2022,Bahrain,GAS,AlphaTauri,43.0,0 days 00:01:38.478000,HARD,11.0,3.0,8.0,1
2022,Bahrain,GAS,AlphaTauri,44.0,0 days 00:01:38.704000,HARD,12.0,3.0,8.0,1
2022,Bahrain,GAS,AlphaTauri,45.0,,HARD,13.0,3.0,,164
2022,Bahrain,PER,Red Bull Racing,1.0,0 days 00:01:42.993000,SOFT,4.0,1.0,6.0,1
2022,Bahrain,PER,Red Bull Racing,2.0,0 days 00:01:39.092000,SOFT,5.0,1.0,6.0,1
2022,Bahrain,PER,Red Bull Racing,3.0,0 days 00:01:39.473000,SOFT,6.0,1.0,5.0,1
2022,Bahrain,PER,Red Bull Racing,4.0,0 days 00:01:38.741000,SOFT,7.0,1.0,5.0,1
2022,Bahrain,PER,Red Bull Racing,5.0,0 days 00:01:38.861000,SOFT,8.0,1.0,5.0,1
2022,Bahrain,PER,Red Bull Racing,6.0,0 days 00:01:39.218000,SOFT,9.0,1.0,5.0,1
2022,Bahrain,PER,Red Bull Racing,7.0,0 days 00:01:39.264000,SOFT,10.0,1.0,5.0,1
2022,Bahrain,PER,Red Bull Racing,8.0,0 days 00:01:39.825000,SOFT,11.0,1.0,5.0,1
2022,Bahrain,PER,Red Bull Racing,9.0,0 days 00:01:40.215000,SOFT,12.0,1.0,5.0,1
2022,Bahrain,PER,Red Bull Racing,10.0,0 days 00:01:39.806000,SOFT,13.0,1.0,4.0,1
2022,Bahrain,PER,Red Bull Racing,11.0,0 days 00:01:39.931000,SOFT,14.0,1.0,4.0,1
2022,Bahrain,PER,Red Bull Racing,12.0,0 days 00:01:39.754000,SOFT,15.0,1.0,4.0,1
2022,Bahrain,PER,Red Bull Racing,13.0,0 days 00:01:39.992000,SOFT,16.0,1.0,4.0,1
2022,Bahrain,PER,Red Bull Racing,14.0,0 days 00:01:40.035000,SOFT,17.0,1.0,3.0,12
2022,Bahrain,PER,Red Bull Racing,15.0,0 days 00:01:42.445000,SOFT,18.0,1.0,2.0,21
2022,Bahrain,PER,Red Bull Racing,16.0,0 days 00:01:58.858000,MEDIUM,1.0,2.0,4.0,1
2022,Bahrain,PER,Red Bull Racing,17.0,0 days 00:01:36.634000,MEDIUM,2.0,2.0,4.0,1
2022,Bahrain,PER,Red Bull Racing,18.0,0 days 00:01:36.852000,MEDIUM,3.0,2.0,4.0,1
2022,Bahrain,PER,Red Bull Racing,19.0,0 days 00:01:37.214000,MEDIUM,4.0,2.0,4.0,1
2022,Bahrain,PER,Red Bull Racing,20.0,0 days 00:01:37.532000,MEDIUM,5.0,2.0,4.0,1
2022,Bahrain,PER,Red Bull Racing,21.0,0 days 00:01:37.629000,MEDIUM,6.0,2.0,4.0,1
2022,Bahrain,PER,Red Bull Racing,22.0,0 days 00:01:37.862000,MEDIUM,7.0,2.0,4.0,1
2022,Bahrain,PER,Red Bull Racing,23.0,0 days 00:01:37.960000,MEDIUM,8.0,2.0,4.0,1
2022,Bahrain,PER,Red Bull Racing,24.0,0 days 00:01:38.155000,MEDIUM,9.0,2.0,4.0,1
2022,Bahrain,PER,Red Bull Racing,25.0,0 days 00:01:38.419000,MEDIUM,10.0,2.0,4.0,1
2022,Bahrain,PER,Red Bull Racing,26.0,0 days 00:01:38.693000,MEDIUM,11.0,2.0,4.0,1
2022,Bahrain,PER,Red Bull Racing,27.0,0 days 00:01:38.563000,MEDIUM,12.0,2.0,4.0,1
2022,Bahrain,PER,Red Bull Racing,28.0,0 days 00:01:38.697000,MEDIUM,13.0,2.0,4.0,1
2022,Bahrain,PER,Red Bull Racing,29.0,0 days 00:01:38.990000,MEDIUM,14.0,2.0,4.0,1
2022,Bahrain,PER,Red Bull Racing,30.0,0 days 00:01:38.879000,MEDIUM,15.0,2.0,4.0,1
2022,Bahrain,PER,Red Bull Racing,31.0,0 days 00:01:39.292000,MEDIUM,16.0,2.0,3.0,1
2022,Bahrain,PER,Red Bull Racing,32.0,0 days 00:01:39.222000,MEDIUM,17.0,2.0,2.0,1
2022,Bahrain,PER,Red Bull Racing,33.0,0 days 00:01:41.868000,MEDIUM,18.0,2.0,2.0,1
2022,Bahrain,PER,Red Bull Racing,34.0,0 days 00:01:57.056000,SOFT,4.0,3.0,4.0,1
2022,Bahrain,PER,Red Bull Racing,35.0,0 days 00:01:36.302000,SOFT,5.0,3.0,4.0,1
2022,Bahrain,PER,Red Bull Racing,36.0,0 days 00:01:36.511000,SOFT,6.0,3.0,4.0,1
2022,Bahrain,PER,Red Bull Racing,37.0,0 days 00:01:37.119000,SOFT,7.0,3.0,4.0,1
2022,Bahrain,PER,Red Bull Racing,38.0,0 days 00:01:36.755000,SOFT,8.0,3.0,4.0,1
2022,Bahrain,PER,Red Bull Racing,39.0,0 days 00:01:36.987000,SOFT,9.0,3.0,4.0,1
2022,Bahrain,PER,Red Bull Racing,40.0,0 days 00:01:37.178000,SOFT,10.0,3.0,4.0,1
2022,Bahrain,PER,Red Bull Racing,41.0,0 days 00:01:37.639000,SOFT,11.0,3.0,4.0,1
2022,Bahrain,PER,Red Bull Racing,42.0,0 days 00:01:37.255000,SOFT,12.0,3.0,4.0,1
2022,Bahrain,PER,Red Bull Racing,43.0,0 days 00:01:40.228000,SOFT,13.0,3.0,4.0,1
2022,Bahrain,PER,Red Bull Racing,44.0,0 days 00:01:56.521000,SOFT,4.0,4.0,5.0,1
2022,Bahrain,PER,Red Bull Racing,45.0,0 days 00:01:43.562000,SOFT,5.0,4.0,4.0,16
2022,Bahrain,PER,Red Bull Racing,46.0,0 days 00:02:08.400000,SOFT,6.0,4.0,4.0,64
2022,Bahrain,PER,Red Bull Racing,47.0,0 days 00:02:12.050000,SOFT,7.0,4.0,4.0,4
2022,Bahrain,PER,Red Bull Racing,48.0,0 days 00:02:16.085000,SOFT,8.0,4.0,4.0,4
2022,Bahrain,PER,Red Bull Racing,49.0,0 days 00:02:25.098000,SOFT,9.0,4.0,4.0,4
2022,Bahrain,PER,Red Bull Racing,50.0,0 days 00:02:21.747000,SOFT,10.0,4.0,4.0,41
2022,Bahrain,PER,Red Bull Racing,51.0,0 days 00:01:36.389000,SOFT,11.0,4.0,4.0,1
2022,Bahrain,PER,Red Bull Racing,52.0,0 days 00:01:36.089000,SOFT,12.0,4.0,4.0,1
2022,Bahrain,PER,Red Bull Racing,53.0,0 days 00:01:36.113000,SOFT,13.0,4.0,4.0,1
2022,Bahrain,PER,Red Bull Racing,54.0,0 days 00:01:36.755000,SOFT,14.0,4.0,3.0,1
2022,Bahrain,PER,Red Bull Racing,55.0,0 days 00:01:36.436000,SOFT,15.0,4.0,3.0,1
2022,Bahrain,PER,Red Bull Racing,56.0,0 days 00:01:36.286000,SOFT,16.0,4.0,3.0,1
2022,Bahrain,PER,Red Bull Racing,57.0,,SOFT,17.0,4.0,,12
2022,Bahrain,ALO,Alpine,1.0,0 days 00:01:45.174000,SOFT,4.0,1.0,9.0,1
2022,Bahrain,ALO,Alpine,2.0,0 days 00:01:40.412000,SOFT,5.0,1.0,9.0,1
2022,Bahrain,ALO,Alpine,3.0,0 days 00:01:40.226000,SOFT,6.0,1.0,9.0,1
2022,Bahrain,ALO,Alpine,4.0,0 days 00:01:40.097000,SOFT,7.0,1.0,9.0,1
2022,Bahrain,ALO,Alpine,5.0,0 days 00:01:40.465000,SOFT,8.0,1.0,9.0,1
2022,Bahrain,ALO,Alpine,6.0,0 days 00:01:40.658000,SOFT,9.0,1.0,9.0,1
2022,Bahrain,ALO,Alpine,7.0,0 days 00:01:40.823000,SOFT,10.0,1.0,9.0,1
2022,Bahrain,ALO,Alpine,8.0,0 days 00:01:42.371000,SOFT,11.0,1.0,10.0,1
2022,Bahrain,ALO,Alpine,9.0,0 days 00:01:41.448000,SOFT,12.0,1.0,10.0,1
2022,Bahrain,ALO,Alpine,10.0,0 days 00:01:41.873000,SOFT,13.0,1.0,10.0,1
2022,Bahrain,ALO,Alpine,11.0,0 days 00:01:44.265000,SOFT,14.0,1.0,11.0,1
2022,Bahrain,ALO,Alpine,12.0,0 days 00:02:00.053000,MEDIUM,1.0,2.0,20.0,1
2022,Bahrain,ALO,Alpine,13.0,0 days 00:01:39.050000,MEDIUM,2.0,2.0,17.0,1
2022,Bahrain,ALO,Alpine,14.0,0 days 00:01:39.704000,MEDIUM,3.0,2.0,14.0,12
2022,Bahrain,ALO,Alpine,15.0,0 days 00:01:40.256000,MEDIUM,4.0,2.0,11.0,1
2022,Bahrain,ALO,Alpine,16.0,0 days 00:01:40.572000,MEDIUM,5.0,2.0,9.0,1
2022,Bahrain,ALO,Alpine,17.0,0 days 00:01:39.434000,MEDIUM,6.0,2.0,9.0,1
2022,Bahrain,ALO,Alpine,18.0,0 days 00:01:39.809000,MEDIUM,7.0,2.0,9.0,1
2022,Bahrain,ALO,Alpine,19.0,0 days 00:01:39.785000,MEDIUM,8.0,2.0,9.0,1
2022,Bahrain,ALO,Alpine,20.0,0 days 00:01:39.874000,MEDIUM,9.0,2.0,9.0,1
2022,Bahrain,ALO,Alpine,21.0,0 days 00:01:40.087000,MEDIUM,10.0,2.0,9.0,1
2022,Bahrain,ALO,Alpine,22.0,0 days 00:01:40.504000,MEDIUM,11.0,2.0,9.0,1
2022,Bahrain,ALO,Alpine,23.0,0 days 00:01:39.922000,MEDIUM,12.0,2.0,9.0,1
2022,Bahrain,ALO,Alpine,24.0,0 days 00:01:40.496000,MEDIUM,13.0,2.0,9.0,1
2022,Bahrain,ALO,Alpine,25.0,0 days 00:01:42.836000,MEDIUM,14.0,2.0,10.0,1
2022,Bahrain,ALO,Alpine,26.0,0 days 00:02:00.922000,HARD,1.0,3.0,14.0,1
2022,Bahrain,ALO,Alpine,27.0,0 days 00:01:37.995000,HARD,2.0,3.0,14.0,1
2022,Bahrain,ALO,Alpine,28.0,0 days 00:01:38.908000,HARD,3.0,3.0,14.0,1
2022,Bahrain,ALO,Alpine,29.0,0 days 00:01:38.680000,HARD,4.0,3.0,14.0,1
2022,Bahrain,ALO,Alpine,30.0,0 days 00:01:38.626000,HARD,5.0,3.0,12.0,1
2022,Bahrain,ALO,Alpine,31.0,0 days 00:01:38.958000,HARD,6.0,3.0,11.0,1
2022,Bahrain,ALO,Alpine,32.0,0 days 00:01:39.153000,HARD,7.0,3.0,11.0,1
2022,Bahrain,ALO,Alpine,33.0,0 days 00:01:39.686000,HARD,8.0,3.0,11.0,1
2022,Bahrain,ALO,Alpine,34.0,0 days 00:01:39.208000,HARD,9.0,3.0,11.0,1
2022,Bahrain,ALO,Alpine,35.0,0 days 00:01:39.214000,HARD,10.0,3.0,11.0,1
2022,Bahrain,ALO,Alpine,36.0,0 days 00:01:39.389000,HARD,11.0,3.0,11.0,1
2022,Bahrain,ALO,Alpine,37.0,0 days 00:01:39.426000,HARD,12.0,3.0,10.0,1
2022,Bahrain,ALO,Alpine,38.0,0 days 00:01:40.034000,HARD,13.0,3.0,10.0,1
2022,Bahrain,ALO,Alpine,39.0,0 days 00:01:40.009000,HARD,14.0,3.0,10.0,1
2022,Bahrain,ALO,Alpine,40.0,0 days 00:01:40.295000,HARD,15.0,3.0,11.0,1
2022,Bahrain,ALO,Alpine,41.0,0 days 00:01:39.854000,HARD,16.0,3.0,11.0,1
2022,Bahrain,ALO,Alpine,42.0,0 days 00:01:42.925000,HARD,17.0,3.0,12.0,1
2022,Bahrain,ALO,Alpine,43.0,0 days 00:01:57.366000,SOFT,1.0,4.0,14.0,1
2022,Bahrain,ALO,Alpine,44.0,0 days 00:01:36.733000,SOFT,2.0,4.0,14.0,1
2022,Bahrain,ALO,Alpine,45.0,0 days 00:02:07.867000,SOFT,3.0,4.0,13.0,164
2022,Bahrain,ALO,Alpine,46.0,0 days 00:02:10.714000,SOFT,4.0,4.0,12.0,4
2022,Bahrain,ALO,Alpine,47.0,0 days 00:01:51.463000,SOFT,5.0,4.0,12.0,4
2022,Bahrain,ALO,Alpine,48.0,0 days 00:01:45.574000,SOFT,6.0,4.0,12.0,4
2022,Bahrain,ALO,Alpine,49.0,0 days 00:01:53.977000,SOFT,7.0,4.0,12.0,4
2022,Bahrain,ALO,Alpine,50.0,0 days 00:02:13.261000,SOFT,8.0,4.0,12.0,41
2022,Bahrain,ALO,Alpine,51.0,0 days 00:01:39.006000,SOFT,9.0,4.0,11.0,1
2022,Bahrain,ALO,Alpine,52.0,0 days 00:01:37.538000,SOFT,10.0,4.0,11.0,1
2022,Bahrain,ALO,Alpine,53.0,0 days 00:01:37.396000,SOFT,11.0,4.0,11.0,1
2022,Bahrain,ALO,Alpine,54.0,0 days 00:01:37.303000,SOFT,12.0,4.0,10.0,1
2022,Bahrain,ALO,Alpine,55.0,0 days 00:01:37.672000,SOFT,13.0,4.0,10.0,1
2022,Bahrain,ALO,Alpine,56.0,0 days 00:01:37.642000,SOFT,14.0,4.0,10.0,1
2022,Bahrain,ALO,Alpine,57.0,0 days 00:01:38.986000,SOFT,15.0,4.0,9.0,12
2022,Bahrain,LEC,Ferrari,1.0,0 days 00:01:39.070000,SOFT,1.0,1.0,1.0,1
2022,Bahrain,LEC,Ferrari,2.0,0 days 00:01:37.853000,SOFT,2.0,1.0,1.0,1
2022,Bahrain,LEC,Ferrari,3.0,0 days 00:01:38.272000,SOFT,3.0,1.0,1.0,1
2022,Bahrain,LEC,Ferrari,4.0,0 days 00:01:38.414000,SOFT,4.0,1.0,1.0,1
2022,Bahrain,LEC,Ferrari,5.0,0 days 00:01:38.471000,SOFT,5.0,1.0,1.0,1
2022,Bahrain,LEC,Ferrari,6.0,0 days 00:01:38.712000,SOFT,6.0,1.0,1.0,1
2022,Bahrain,LEC,Ferrari,7.0,0 days 00:01:38.835000,SOFT,7.0,1.0,1.0,1
2022,Bahrain,LEC,Ferrari,8.0,0 days 00:01:38.951000,SOFT,8.0,1.0,1.0,1
2022,Bahrain,LEC,Ferrari,9.0,0 days 00:01:38.807000,SOFT,9.0,1.0,1.0,1
2022,Bahrain,LEC,Ferrari,10.0,0 days 00:01:39.123000,SOFT,10.0,1.0,1.0,1
2022,Bahrain,LEC,Ferrari,11.0,0 days 00:01:39.306000,SOFT,11.0,1.0,1.0,1
2022,Bahrain,LEC,Ferrari,12.0,0 days 00:01:39.256000,SOFT,12.0,1.0,1.0,1
2022,Bahrain,LEC,Ferrari,13.0,0 days 00:01:39.279000,SOFT,13.0,1.0,1.0,1
2022,Bahrain,LEC,Ferrari,14.0,0 days 00:01:39.629000,SOFT,14.0,1.0,1.0,1
2022,Bahrain,LEC,Ferrari,15.0,0 days 00:01:42.041000,SOFT,15.0,1.0,1.0,12
2022,Bahrain,LEC,Ferrari,16.0,0 days 00:01:57.660000,SOFT,4.0,2.0,1.0,1
2022,Bahrain,LEC,Ferrari,17.0,0 days 00:01:37.520000,SOFT,5.0,2.0,1.0,1
2022,Bahrain,LEC,Ferrari,18.0,0 days 00:01:37.634000,SOFT,6.0,2.0,1.0,1
2022,Bahrain,LEC,Ferrari,19.0,0 days 00:01:37.408000,SOFT,7.0,2.0,1.0,1
2022,Bahrain,LEC,Ferrari,20.0,0 days 00:01:37.562000,SOFT,8.0,2.0,1.0,1
2022,Bahrain,LEC,Ferrari,21.0,0 days 00:01:37.807000,SOFT,9.0,2.0,1.0,1
2022,Bahrain,LEC,Ferrari,22.0,0 days 00:01:37.752000,SOFT,10.0,2.0,1.0,1
2022,Bahrain,LEC,Ferrari,23.0,0 days 00:01:37.774000,SOFT,11.0,2.0,1.0,1
2022,Bahrain,LEC,Ferrari,24.0,0 days 00:01:37.913000,SOFT,12.0,2.0,1.0,1
2022,Bahrain,LEC,Ferrari,25.0,0 days 00:01:38.061000,SOFT,13.0,2.0,1.0,1
2022,Bahrain,LEC,Ferrari,26.0,0 days 00:01:38.371000,SOFT,14.0,2.0,1.0,1
2022,Bahrain,LEC,Ferrari,27.0,0 days 00:01:38.785000,SOFT,15.0,2.0,1.0,1
2022,Bahrain,LEC,Ferrari,28.0,0 days 00:01:39.051000,SOFT,16.0,2.0,1.0,1
2022,Bahrain,LEC,Ferrari,29.0,0 days 00:01:38.887000,SOFT,17.0,2.0,1.0,1
2022,Bahrain,LEC,Ferrari,30.0,0 days 00:01:39.354000,SOFT,18.0,2.0,1.0,1
2022,Bahrain,LEC,Ferrari,31.0,0 days 00:01:41.545000,SOFT,19.0,2.0,1.0,1
2022,Bahrain,LEC,Ferrari,32.0,0 days 00:01:56.325000,MEDIUM,1.0,3.0,3.0,1
2022,Bahrain,LEC,Ferrari,33.0,0 days 00:01:36.674000,MEDIUM,2.0,3.0,3.0,1
2022,Bahrain,LEC,Ferrari,34.0,0 days 00:01:36.399000,MEDIUM,3.0,3.0,1.0,1
2022,Bahrain,LEC,Ferrari,35.0,0 days 00:01:36.501000,MEDIUM,4.0,3.0,1.0,1
2022,Bahrain,LEC,Ferrari,36.0,0 days 00:01:36.561000,MEDIUM,5.0,3.0,1.0,1
2022,Bahrain,LEC,Ferrari,37.0,0 days 00:01:36.663000,MEDIUM,6.0,3.0,1.0,1
2022,Bahrain,LEC,Ferrari,38.0,0 days 00:01:36.623000,MEDIUM,7.0,3.0,1.0,1
2022,Bahrain,LEC,Ferrari,39.0,0 days 00:01:36.939000,MEDIUM,8.0,3.0,1.0,1
2022,Bahrain,LEC,Ferrari,40.0,0 days 00:01:36.807000,MEDIUM,9.0,3.0,1.0,1
2022,Bahrain,LEC,Ferrari,41.0,0 days 00:01:37.044000,MEDIUM,10.0,3.0,1.0,1
2022,Bahrain,LEC,Ferrari,42.0,0 days 00:01:37.040000,MEDIUM,11.0,3.0,1.0,1
2022,Bahrain,LEC,Ferrari,43.0,0 days 00:01:37.346000,MEDIUM,12.0,3.0,1.0,1
2022,Bahrain,LEC,Ferrari,44.0,0 days 00:01:37.509000,MEDIUM,13.0,3.0,1.0,1
2022,Bahrain,LEC,Ferrari,45.0,0 days 00:01:37.413000,MEDIUM,14.0,3.0,1.0,1
2022,Bahrain,LEC,Ferrari,46.0,0 days 00:02:05.151000,MEDIUM,15.0,3.0,1.0,164
2022,Bahrain,LEC,Ferrari,47.0,,SOFT,4.0,4.0,1.0,4
2022,Bahrain,LEC,Ferrari,48.0,,SOFT,5.0,4.0,1.0,4
2022,Bahrain,LEC,Ferrari,49.0,0 days 00:02:26.221000,SOFT,6.0,4.0,1.0,4
2022,Bahrain,LEC,Ferrari,50.0,0 days 00:02:24.429000,SOFT,7.0,4.0,1.0,41
2022,Bahrain,LEC,Ferrari,51.0,0 days 00:01:34.570000,SOFT,8.0,4.0,1.0,1
2022,Bahrain,LEC,Ferrari,52.0,0 days 00:01:35.027000,SOFT,9.0,4.0,1.0,1
2022,Bahrain,LEC,Ferrari,53.0,0 days 00:01:35.127000,SOFT,10.0,4.0,1.0,1
2022,Bahrain,LEC,Ferrari,54.0,0 days 00:01:35.429000,SOFT,11.0,4.0,1.0,1
2022,Bahrain,LEC,Ferrari,55.0,0 days 00:01:35.427000,SOFT,12.0,4.0,1.0,1
2022,Bahrain,LEC,Ferrari,56.0,0 days 00:01:35.673000,SOFT,13.0,4.0,1.0,1
2022,Bahrain,LEC,Ferrari,57.0,0 days 00:01:36.373000,SOFT,14.0,4.0,1.0,12
2022,Bahrain,STR,Aston Martin,1.0,0 days 00:01:50.439000,SOFT,1.0,1.0,17.0,1
2022,Bahrain,STR,Aston Martin,2.0,0 days 00:01:41.019000,SOFT,2.0,1.0,16.0,1
2022,Bahrain,STR,Aston Martin,3.0,0 days 00:01:40.887000,SOFT,3.0,1.0,16.0,1
2022,Bahrain,STR,Aston Martin,4.0,0 days 00:01:41.931000,SOFT,4.0,1.0,17.0,1
2022,Bahrain,STR,Aston Martin,5.0,0 days 00:01:41.715000,SOFT,5.0,1.0,17.0,1
2022,Bahrain,STR,Aston Martin,6.0,0 days 00:01:41.897000,SOFT,6.0,1.0,17.0,1
2022,Bahrain,STR,Aston Martin,7.0,0 days 00:01:41.827000,SOFT,7.0,1.0,17.0,1
2022,Bahrain,STR,Aston Martin,8.0,0 days 00:01:42.174000,SOFT,8.0,1.0,17.0,1
2022,Bahrain,STR,Aston Martin,9.0,0 days 00:01:41.557000,SOFT,9.0,1.0,16.0,1
2022,Bahrain,STR,Aston Martin,10.0,0 days 00:01:42.350000,SOFT,10.0,1.0,15.0,1
2022,Bahrain,STR,Aston Martin,11.0,0 days 00:01:42.343000,SOFT,11.0,1.0,15.0,1
2022,Bahrain,STR,Aston Martin,12.0,0 days 00:01:42.462000,SOFT,12.0,1.0,14.0,1
2022,Bahrain,STR,Aston Martin,13.0,0 days 00:01:42.235000,SOFT,13.0,1.0,13.0,1
2022,Bahrain,STR,Aston Martin,14.0,0 days 00:01:41.803000,SOFT,14.0,1.0,13.0,12
2022,Bahrain,STR,Aston Martin,15.0,0 days 00:01:41.875000,SOFT,15.0,1.0,10.0,1
2022,Bahrain,STR,Aston Martin,16.0,0 days 00:01:42.592000,SOFT,16.0,1.0,10.0,1
2022,Bahrain,STR,Aston Martin,17.0,0 days 00:01:41.858000,SOFT,17.0,1.0,10.0,1
2022,Bahrain,STR,Aston Martin,18.0,0 days 00:01:44.384000,SOFT,18.0,1.0,12.0,1
2022,Bahrain,STR,Aston Martin,19.0,0 days 00:02:00.651000,SOFT,1.0,2.0,19.0,1
2022,Bahrain,STR,Aston Martin,20.0,0 days 00:01:38.940000,SOFT,2.0,2.0,18.0,1
2022,Bahrain,STR,Aston Martin,21.0,0 days 00:01:38.713000,SOFT,3.0,2.0,17.0,1
2022,Bahrain,STR,Aston Martin,22.0,0 days 00:01:39.655000,SOFT,4.0,2.0,17.0,1
2022,Bahrain,STR,Aston Martin,23.0,0 days 00:01:39.811000,SOFT,5.0,2.0,17.0,1
2022,Bahrain,STR,Aston Martin,24.0,0 days 00:01:39.887000,SOFT,6.0,2.0,16.0,1
2022,Bahrain,STR,Aston Martin,25.0,0 days 00:01:39.774000,SOFT,7.0,2.0,16.0,1
2022,Bahrain,STR,Aston Martin,26.0,0 days 00:01:40.445000,SOFT,8.0,2.0,16.0,1
2022,Bahrain,STR,Aston Martin,27.0,0 days 00:01:40.371000,SOFT,9.0,2.0,15.0,1
2022,Bahrain,STR,Aston Martin,28.0,0 days 00:01:40.181000,SOFT,10.0,2.0,15.0,1
2022,Bahrain,STR,Aston Martin,29.0,0 days 00:01:40.054000,SOFT,11.0,2.0,15.0,1
2022,Bahrain,STR,Aston Martin,30.0,0 days 00:01:40.850000,SOFT,12.0,2.0,15.0,1
2022,Bahrain,STR,Aston Martin,31.0,0 days 00:01:40.855000,SOFT,13.0,2.0,15.0,1
2022,Bahrain,STR,Aston Martin,32.0,0 days 00:01:40.037000,SOFT,14.0,2.0,15.0,1
2022,Bahrain,STR,Aston Martin,33.0,0 days 00:01:40.347000,SOFT,15.0,2.0,15.0,1
2022,Bahrain,STR,Aston Martin,34.0,0 days 00:01:40.363000,SOFT,16.0,2.0,15.0,1
2022,Bahrain,STR,Aston Martin,35.0,0 days 00:01:40.452000,SOFT,17.0,2.0,15.0,1
2022,Bahrain,STR,Aston Martin,36.0,0 days 00:01:40.484000,SOFT,18.0,2.0,14.0,1
2022,Bahrain,STR,Aston Martin,37.0,0 days 00:01:40.487000,SOFT,19.0,2.0,14.0,1
2022,Bahrain,STR,Aston Martin,38.0,0 days 00:01:43.895000,SOFT,20.0,2.0,14.0,1
2022,Bahrain,STR,Aston Martin,39.0,0 days 00:02:01.514000,MEDIUM,1.0,3.0,16.0,1
2022,Bahrain,STR,Aston Martin,40.0,0 days 00:01:37.861000,MEDIUM,2.0,3.0,16.0,1
2022,Bahrain,STR,Aston Martin,41.0,0 days 00:01:38.363000,MEDIUM,3.0,3.0,15.0,1
2022,Bahrain,STR,Aston Martin,42.0,0 days 00:01:38.127000,MEDIUM,4.0,3.0,15.0,1
2022,Bahrain,STR,Aston Martin,43.0,0 days 00:01:39.462000,MEDIUM,5.0,3.0,15.0,1
2022,Bahrain,STR,Aston Martin,44.0,0 days 00:01:38.281000,MEDIUM,6.0,3.0,15.0,16
2022,Bahrain,STR,Aston Martin,45.0,0 days 00:02:13.896000,MEDIUM,7.0,3.0,14.0,64
2022,Bahrain,STR,Aston Martin,46.0,0 days 00:02:29.264000,SOFT,1.0,4.0,15.0,4
2022,Bahrain,STR,Aston Martin,47.0,0 days 00:02:13.815000,SOFT,2.0,4.0,14.0,4
2022,Bahrain,STR,Aston Martin,48.0,0 days 00:01:53.799000,SOFT,3.0,4.0,14.0,4
2022,Bahrain,STR,Aston Martin,49.0,0 days 00:01:37.146000,SOFT,4.0,4.0,14.0,4
2022,Bahrain,STR,Aston Martin,50.0,0 days 00:01:37.326000,SOFT,5.0,4.0,14.0,41
2022,Bahrain,STR,Aston Martin,51.0,0 days 00:01:37.274000,SOFT,6.0,4.0,14.0,1
2022,Bahrain,STR,Aston Martin,52.0,0 days 00:01:37.622000,SOFT,7.0,4.0,14.0,1
2022,Bahrain,STR,Aston Martin,53.0,0 days 00:01:38.678000,SOFT,8.0,4.0,14.0,1
2022,Bahrain,STR,Aston Martin,54.0,0 days 00:01:37.877000,SOFT,9.0,4.0,14.0,1
2022,Bahrain,STR,Aston Martin,55.0,0 days 00:01:38.328000,SOFT,10.0,4.0,13.0,1
2022,Bahrain,STR,Aston Martin,56.0,0 days 00:01:38.829000,SOFT,11.0,4.0,13.0,12
2022,Bahrain,STR,Aston Martin,57.0,0 days 00:01:40.395000,SOFT,12.0,4.0,12.0,2
2022,Bahrain,MAG,Haas F1 Team,1.0,0 days 00:01:42.333000,SOFT,1.0,1.0,5.0,1
2022,Bahrain,MAG,Haas F1 Team,2.0,0 days 00:01:38.993000,SOFT,2.0,1.0,5.0,1
2022,Bahrain,MAG,Haas F1 Team,3.0,0 days 00:01:41.224000,SOFT,3.0,1.0,6.0,1
2022,Bahrain,MAG,Haas F1 Team,4.0,0 days 00:01:39.642000,SOFT,4.0,1.0,6.0,1
2022,Bahrain,MAG,Haas F1 Team,5.0,0 days 00:01:41.169000,SOFT,5.0,1.0,7.0,1
2022,Bahrain,MAG,Haas F1 Team,6.0,0 days 00:01:40.338000,SOFT,6.0,1.0,7.0,1
2022,Bahrain,MAG,Haas F1 Team,7.0,0 days 00:01:40.555000,SOFT,7.0,1.0,7.0,1
2022,Bahrain,MAG,Haas F1 Team,8.0,0 days 00:01:40.451000,SOFT,8.0,1.0,7.0,1
2022,Bahrain,MAG,Haas F1 Team,9.0,0 days 00:01:40.756000,SOFT,9.0,1.0,7.0,1
2022,Bahrain,MAG,Haas F1 Team,10.0,0 days 00:01:41.195000,SOFT,10.0,1.0,7.0,1
2022,Bahrain,MAG,Haas F1 Team,11.0,0 days 00:01:41.064000,SOFT,11.0,1.0,7.0,1
2022,Bahrain,MAG,Haas F1 Team,12.0,0 days 00:01:41.370000,SOFT,12.0,1.0,6.0,1
2022,Bahrain,MAG,Haas F1 Team,13.0,0 days 00:01:41.283000,SOFT,13.0,1.0,6.0,1
2022,Bahrain,MAG,Haas F1 Team,14.0,0 days 00:01:44.244000,SOFT,14.0,1.0,6.0,12
2022,Bahrain,MAG,Haas F1 Team,15.0,0 days 00:01:59.764000,SOFT,4.0,2.0,9.0,1
2022,Bahrain,MAG,Haas F1 Team,16.0,0 days 00:01:37.968000,SOFT,5.0,2.0,7.0,1
2022,Bahrain,MAG,Haas F1 Team,17.0,0 days 00:01:38.216000,SOFT,6.0,2.0,7.0,1
2022,Bahrain,MAG,Haas F1 Team,18.0,0 days 00:01:38.442000,SOFT,7.0,2.0,7.0,1
2022,Bahrain,MAG,Haas F1 Team,19.0,0 days 00:01:38.539000,SOFT,8.0,2.0,7.0,1
2022,Bahrain,MAG,Haas F1 Team,20.0,0 days 00:01:38.883000,SOFT,9.0,2.0,7.0,1
2022,Bahrain,MAG,Haas F1 Team,21.0,0 days 00:01:38.859000,SOFT,10.0,2.0,7.0,1
2022,Bahrain,MAG,Haas F1 Team,22.0,0 days 00:01:39.058000,SOFT,11.0,2.0,7.0,1
2022,Bahrain,MAG,Haas F1 Team,23.0,0 days 00:01:39.120000,SOFT,12.0,2.0,7.0,1
2022,Bahrain,MAG,Haas F1 Team,24.0,0 days 00:01:39.384000,SOFT,13.0,2.0,7.0,1
2022,Bahrain,MAG,Haas F1 Team,25.0,0 days 00:01:39.520000,SOFT,14.0,2.0,7.0,1
2022,Bahrain,MAG,Haas F1 Team,26.0,0 days 00:01:39.756000,SOFT,15.0,2.0,7.0,1
2022,Bahrain,MAG,Haas F1 Team,27.0,0 days 00:01:39.796000,SOFT,16.0,2.0,7.0,1
2022,Bahrain,MAG,Haas F1 Team,28.0,0 days 00:01:39.774000,SOFT,17.0,2.0,6.0,1
2022,Bahrain,MAG,Haas F1 Team,29.0,0 days 00:01:39.984000,SOFT,18.0,2.0,6.0,1
2022,Bahrain,MAG,Haas F1 Team,30.0,0 days 00:01:40.174000,SOFT,19.0,2.0,6.0,1
2022,Bahrain,MAG,Haas F1 Team,31.0,0 days 00:01:40.233000,SOFT,20.0,2.0,6.0,1
2022,Bahrain,MAG,Haas F1 Team,32.0,0 days 00:01:40.522000,SOFT,21.0,2.0,6.0,1
2022,Bahrain,MAG,Haas F1 Team,33.0,0 days 00:01:40.523000,SOFT,22.0,2.0,7.0,1
2022,Bahrain,MAG,Haas F1 Team,34.0,0 days 00:01:43.256000,SOFT,23.0,2.0,6.0,1
2022,Bahrain,MAG,Haas F1 Team,35.0,0 days 00:02:00.375000,MEDIUM,1.0,3.0,10.0,1
2022,Bahrain,MAG,Haas F1 Team,36.0,0 days 00:01:37.941000,MEDIUM,2.0,3.0,9.0,1
2022,Bahrain,MAG,Haas F1 Team,37.0,0 days 00:01:36.903000,MEDIUM,3.0,3.0,7.0,1
2022,Bahrain,MAG,Haas F1 Team,38.0,0 days 00:01:37.636000,MEDIUM,4.0,3.0,7.0,1
2022,Bahrain,MAG,Haas F1 Team,39.0,0 days 00:01:37.566000,MEDIUM,5.0,3.0,7.0,1
2022,Bahrain,MAG,Haas F1 Team,40.0,0 days 00:01:37.901000,MEDIUM,6.0,3.0,7.0,1
2022,Bahrain,MAG,Haas F1 Team,41.0,0 days 00:01:37.726000,MEDIUM,7.0,3.0,7.0,1
2022,Bahrain,MAG,Haas F1 Team,42.0,0 days 00:01:38.006000,MEDIUM,8.0,3.0,7.0,1
2022,Bahrain,MAG,Haas F1 Team,43.0,0 days 00:01:38.178000,MEDIUM,9.0,3.0,7.0,1
2022,Bahrain,MAG,Haas F1 Team,44.0,0 days 00:01:38.688000,MEDIUM,10.0,3.0,7.0,1
2022,Bahrain,MAG,Haas F1 Team,45.0,0 days 00:02:03.463000,MEDIUM,11.0,3.0,7.0,164
2022,Bahrain,MAG,Haas F1 Team,46.0,0 days 00:02:06.178000,MEDIUM,12.0,3.0,7.0,4
2022,Bahrain,MAG,Haas F1 Team,47.0,0 days 00:02:07.721000,SOFT,4.0,4.0,7.0,4
2022,Bahrain,MAG,Haas F1 Team,48.0,0 days 00:01:50.334000,SOFT,5.0,4.0,7.0,4
2022,Bahrain,MAG,Haas F1 Team,49.0,0 days 00:02:16.149000,SOFT,6.0,4.0,7.0,4
2022,Bahrain,MAG,Haas F1 Team,50.0,0 days 00:02:17.630000,SOFT,7.0,4.0,7.0,41
2022,Bahrain,MAG,Haas F1 Team,51.0,0 days 00:01:37.343000,SOFT,8.0,4.0,7.0,1
2022,Bahrain,MAG,Haas F1 Team,52.0,0 days 00:01:36.860000,SOFT,9.0,4.0,7.0,1
2022,Bahrain,MAG,Haas F1 Team,53.0,0 days 00:01:36.623000,SOFT,10.0,4.0,7.0,1
2022,Bahrain,MAG,Haas F1 Team,54.0,0 days 00:01:36.960000,SOFT,11.0,4.0,6.0,1
2022,Bahrain,MAG,Haas F1 Team,55.0,0 days 00:01:36.937000,SOFT,12.0,4.0,6.0,1
2022,Bahrain,MAG,Haas F1 Team,56.0,0 days 00:01:37.091000,SOFT,13.0,4.0,6.0,1
2022,Bahrain,MAG,Haas F1 Team,57.0,0 days 00:01:37.741000,SOFT,14.0,4.0,5.0,12
2022,Bahrain,TSU,AlphaTauri,1.0,0 days 00:01:48.128000,SOFT,1.0,1.0,12.0,1
2022,Bahrain,TSU,AlphaTauri,2.0,0 days 00:01:40.697000,SOFT,2.0,1.0,12.0,1
2022,Bahrain,TSU,AlphaTauri,3.0,0 days 00:01:40.618000,SOFT,3.0,1.0,12.0,1
2022,Bahrain,TSU,AlphaTauri,4.0,0 days 00:01:40.958000,SOFT,4.0,1.0,12.0,1
2022,Bahrain,TSU,AlphaTauri,5.0,0 days 00:01:40.363000,SOFT,5.0,1.0,11.0,1
2022,Bahrain,TSU,AlphaTauri,6.0,0 days 00:01:40.611000,SOFT,6.0,1.0,11.0,1
2022,Bahrain,TSU,AlphaTauri,7.0,0 days 00:01:40.754000,SOFT,7.0,1.0,11.0,1
2022,Bahrain,TSU,AlphaTauri,8.0,0 days 00:01:41.351000,SOFT,8.0,1.0,11.0,1
2022,Bahrain,TSU,AlphaTauri,9.0,0 days 00:01:40.900000,SOFT,9.0,1.0,11.0,1
2022,Bahrain,TSU,AlphaTauri,10.0,0 days 00:01:41.182000,SOFT,10.0,1.0,11.0,1
2022,Bahrain,TSU,AlphaTauri,11.0,0 days 00:01:41.313000,SOFT,11.0,1.0,10.0,1
2022,Bahrain,TSU,AlphaTauri,12.0,0 days 00:01:41.096000,SOFT,12.0,1.0,9.0,1
2022,Bahrain,TSU,AlphaTauri,13.0,0 days 00:01:41.337000,SOFT,13.0,1.0,9.0,1
2022,Bahrain,TSU,AlphaTauri,14.0,0 days 00:01:41.352000,SOFT,14.0,1.0,9.0,12
2022,Bahrain,TSU,AlphaTauri,15.0,0 days 00:01:43.687000,SOFT,15.0,1.0,7.0,1
2022,Bahrain,TSU,AlphaTauri,16.0,0 days 00:02:01.989000,MEDIUM,1.0,2.0,14.0,1
2022,Bahrain,TSU,AlphaTauri,17.0,0 days 00:01:39.939000,MEDIUM,2.0,2.0,12.0,1
2022,Bahrain,TSU,AlphaTauri,18.0,0 days 00:01:38.760000,MEDIUM,3.0,2.0,11.0,1
2022,Bahrain,TSU,AlphaTauri,19.0,0 days 00:01:39.011000,MEDIUM,4.0,2.0,11.0,1
2022,Bahrain,TSU,AlphaTauri,20.0,0 days 00:01:39.069000,MEDIUM,5.0,2.0,11.0,1
2022,Bahrain,TSU,AlphaTauri,21.0,0 days 00:01:39.294000,MEDIUM,6.0,2.0,11.0,1
2022,Bahrain,TSU,AlphaTauri,22.0,0 days 00:01:39.574000,MEDIUM,7.0,2.0,11.0,1
2022,Bahrain,TSU,AlphaTauri,23.0,0 days 00:01:39.569000,MEDIUM,8.0,2.0,11.0,1
2022,Bahrain,TSU,AlphaTauri,24.0,0 days 00:01:39.576000,MEDIUM,9.0,2.0,11.0,1
2022,Bahrain,TSU,AlphaTauri,25.0,0 days 00:01:40.376000,MEDIUM,10.0,2.0,11.0,1
2022,Bahrain,TSU,AlphaTauri,26.0,0 days 00:01:39.871000,MEDIUM,11.0,2.0,10.0,1
2022,Bahrain,TSU,AlphaTauri,27.0,0 days 00:01:40.325000,MEDIUM,12.0,2.0,10.0,1
2022,Bahrain,TSU,AlphaTauri,28.0,0 days 00:01:39.952000,MEDIUM,13.0,2.0,10.0,1
2022,Bahrain,TSU,AlphaTauri,29.0,0 days 00:01:42.805000,MEDIUM,14.0,2.0,11.0,1
2022,Bahrain,TSU,AlphaTauri,30.0,0 days 00:01:59.210000,SOFT,1.0,3.0,14.0,1
2022,Bahrain,TSU,AlphaTauri,31.0,0 days 00:01:38.722000,SOFT,2.0,3.0,14.0,1
2022,Bahrain,TSU,AlphaTauri,32.0,0 days 00:01:37.885000,SOFT,3.0,3.0,14.0,1
2022,Bahrain,TSU,AlphaTauri,33.0,0 days 00:01:38.980000,SOFT,4.0,3.0,13.0,1
2022,Bahrain,TSU,AlphaTauri,34.0,0 days 00:01:38.484000,SOFT,5.0,3.0,13.0,1
2022,Bahrain,TSU,AlphaTauri,35.0,0 days 00:01:38.523000,SOFT,6.0,3.0,13.0,1
2022,Bahrain,TSU,AlphaTauri,36.0,0 days 00:01:38.647000,SOFT,7.0,3.0,13.0,1
2022,Bahrain,TSU,AlphaTauri,37.0,0 days 00:01:38.289000,SOFT,8.0,3.0,12.0,1
2022,Bahrain,TSU,AlphaTauri,38.0,0 days 00:01:38.713000,SOFT,9.0,3.0,11.0,1
2022,Bahrain,TSU,AlphaTauri,39.0,0 days 00:01:38.912000,SOFT,10.0,3.0,11.0,1
2022,Bahrain,TSU,AlphaTauri,40.0,0 days 00:01:38.377000,SOFT,11.0,3.0,10.0,1
2022,Bahrain,TSU,AlphaTauri,41.0,0 days 00:01:38.693000,SOFT,12.0,3.0,10.0,1
2022,Bahrain,TSU,AlphaTauri,42.0,0 days 00:01:38.772000,SOFT,13.0,3.0,10.0,1
2022,Bahrain,TSU,AlphaTauri,43.0,0 days 00:01:38.930000,SOFT,14.0,3.0,10.0,1
2022,Bahrain,TSU,AlphaTauri,44.0,0 days 00:01:41.039000,SOFT,15.0,3.0,10.0,1
2022,Bahrain,TSU,AlphaTauri,45.0,0 days 00:02:27.999000,SOFT,4.0,4.0,12.0,164
2022,Bahrain,TSU,AlphaTauri,46.0,0 days 00:02:10.216000,SOFT,5.0,4.0,11.0,4
2022,Bahrain,TSU,AlphaTauri,47.0,0 days 00:01:49.994000,SOFT,6.0,4.0,11.0,4
2022,Bahrain,TSU,AlphaTauri,48.0,0 days 00:01:46.670000,SOFT,7.0,4.0,11.0,4
2022,Bahrain,TSU,AlphaTauri,49.0,0 days 00:01:54.405000,SOFT,8.0,4.0,11.0,4
2022,Bahrain,TSU,AlphaTauri,50.0,0 days 00:02:14.320000,SOFT,9.0,4.0,11.0,41
2022,Bahrain,TSU,AlphaTauri,51.0,0 days 00:01:38.166000,SOFT,10.0,4.0,10.0,1
2022,Bahrain,TSU,AlphaTauri,52.0,0 days 00:01:37.475000,SOFT,11.0,4.0,10.0,1
2022,Bahrain,TSU,AlphaTauri,53.0,0 days 00:01:37.104000,SOFT,12.0,4.0,10.0,1
2022,Bahrain,TSU,AlphaTauri,54.0,0 days 00:01:37.268000,SOFT,13.0,4.0,9.0,1
2022,Bahrain,TSU,AlphaTauri,55.0,0 days 00:01:37.264000,SOFT,14.0,4.0,9.0,1
2022,Bahrain,TSU,AlphaTauri,56.0,0 days 00:01:37.565000,SOFT,15.0,4.0,9.0,1
2022,Bahrain,TSU,AlphaTauri,57.0,0 days 00:01:38.891000,SOFT,16.0,4.0,8.0,12
2022,Bahrain,ALB,Williams,1.0,0 days 00:01:47.636000,SOFT,1.0,1.0,11.0,1
2022,Bahrain,ALB,Williams,2.0,0 days 00:01:40.548000,SOFT,2.0,1.0,11.0,1
2022,Bahrain,ALB,Williams,3.0,0 days 00:01:40.664000,SOFT,3.0,1.0,11.0,1
2022,Bahrain,ALB,Williams,4.0,0 days 00:01:41.126000,SOFT,4.0,1.0,11.0,1
2022,Bahrain,ALB,Williams,5.0,0 days 00:01:42.303000,SOFT,5.0,1.0,12.0,1
2022,Bahrain,ALB,Williams,6.0,0 days 00:01:41.708000,SOFT,6.0,1.0,12.0,1
2022,Bahrain,ALB,Williams,7.0,0 days 00:01:41.561000,SOFT,7.0,1.0,12.0,1
2022,Bahrain,ALB,Williams,8.0,0 days 00:01:43.097000,SOFT,8.0,1.0,13.0,1
2022,Bahrain,ALB,Williams,9.0,0 days 00:01:42.149000,SOFT,9.0,1.0,13.0,1
2022,Bahrain,ALB,Williams,10.0,0 days 00:01:43.500000,SOFT,10.0,1.0,14.0,1
2022,Bahrain,ALB,Williams,11.0,0 days 00:01:42.588000,SOFT,11.0,1.0,14.0,1
2022,Bahrain,ALB,Williams,12.0,0 days 00:01:42.505000,SOFT,12.0,1.0,13.0,1
2022,Bahrain,ALB,Williams,13.0,0 days 00:01:44.752000,SOFT,13.0,1.0,14.0,1
2022,Bahrain,ALB,Williams,14.0,0 days 00:02:01.075000,MEDIUM,1.0,2.0,20.0,12
2022,Bahrain,ALB,Williams,15.0,0 days 00:01:39.517000,MEDIUM,2.0,2.0,19.0,1
2022,Bahrain,ALB,Williams,16.0,0 days 00:01:40.164000,MEDIUM,3.0,2.0,19.0,1
2022,Bahrain,ALB,Williams,17.0,0 days 00:01:40.265000,MEDIUM,4.0,2.0,19.0,1
2022,Bahrain,ALB,Williams,18.0,0 days 00:01:40.225000,MEDIUM,5.0,2.0,18.0,1
2022,Bahrain,ALB,Williams,19.0,0 days 00:01:40.800000,MEDIUM,6.0,2.0,16.0,1
2022,Bahrain,ALB,Williams,20.0,0 days 00:01:40.239000,MEDIUM,7.0,2.0,16.0,1
2022,Bahrain,ALB,Williams,21.0,0 days 00:01:41.181000,MEDIUM,8.0,2.0,16.0,1
2022,Bahrain,ALB,Williams,22.0,0 days 00:01:40.816000,MEDIUM,9.0,2.0,15.0,1
2022,Bahrain,ALB,Williams,23.0,0 days 00:01:40.736000,MEDIUM,10.0,2.0,15.0,1
2022,Bahrain,ALB,Williams,24.0,0 days 00:01:40.669000,MEDIUM,11.0,2.0,15.0,1
2022,Bahrain,ALB,Williams,25.0,0 days 00:01:41.032000,MEDIUM,12.0,2.0,15.0,1
2022,Bahrain,ALB,Williams,26.0,0 days 00:01:41.628000,MEDIUM,13.0,2.0,15.0,1
2022,Bahrain,ALB,Williams,27.0,0 days 00:01:42.053000,MEDIUM,14.0,2.0,16.0,1
2022,Bahrain,ALB,Williams,28.0,0 days 00:01:41.355000,MEDIUM,15.0,2.0,16.0,1
2022,Bahrain,ALB,Williams,29.0,0 days 00:01:41.505000,MEDIUM,16.0,2.0,16.0,1
2022,Bahrain,ALB,Williams,30.0,0 days 00:01:41.020000,MEDIUM,17.0,2.0,16.0,1
2022,Bahrain,ALB,Williams,31.0,0 days 00:01:41.230000,MEDIUM,18.0,2.0,16.0,1
2022,Bahrain,ALB,Williams,32.0,0 days 00:01:41.241000,MEDIUM,19.0,2.0,16.0,1
2022,Bahrain,ALB,Williams,33.0,0 days 00:01:40.863000,MEDIUM,20.0,2.0,16.0,1
2022,Bahrain,ALB,Williams,34.0,0 days 00:01:41.203000,MEDIUM,21.0,2.0,16.0,1
2022,Bahrain,ALB,Williams,35.0,0 days 00:01:43.965000,MEDIUM,22.0,2.0,16.0,1
2022,Bahrain,ALB,Williams,36.0,0 days 00:02:03.311000,MEDIUM,3.0,3.0,18.0,1
2022,Bahrain,ALB,Williams,37.0,0 days 00:01:39.165000,MEDIUM,4.0,3.0,18.0,1
2022,Bahrain,ALB,Williams,38.0,0 days 00:01:39.127000,MEDIUM,5.0,3.0,17.0,1
2022,Bahrain,ALB,Williams,39.0,0 days 00:01:39.025000,MEDIUM,6.0,3.0,17.0,1
2022,Bahrain,ALB,Williams,40.0,0 days 00:01:39.140000,MEDIUM,7.0,3.0,17.0,1
2022,Bahrain,ALB,Williams,41.0,0 days 00:01:39.285000,MEDIUM,8.0,3.0,17.0,1
2022,Bahrain,ALB,Williams,42.0,0 days 00:01:39.255000,MEDIUM,9.0,3.0,16.0,1
2022,Bahrain,ALB,Williams,43.0,0 days 00:01:39.325000,MEDIUM,10.0,3.0,16.0,1
2022,Bahrain,ALB,Williams,44.0,0 days 00:01:46.225000,MEDIUM,11.0,3.0,16.0,16
2022,Bahrain,ALB,Williams,45.0,0 days 00:02:08.156000,MEDIUM,12.0,3.0,15.0,64
2022,Bahrain,ALB,Williams,46.0,0 days 00:02:12.997000,MEDIUM,13.0,3.0,14.0,4
2022,Bahrain,ALB,Williams,47.0,0 days 00:02:21.354000,SOFT,4.0,4.0,15.0,4
2022,Bahrain,ALB,Williams,48.0,0 days 00:01:56.756000,SOFT,5.0,4.0,15.0,4
2022,Bahrain,ALB,Williams,49.0,0 days 00:01:40.113000,SOFT,6.0,4.0,15.0,4
2022,Bahrain,ALB,Williams,50.0,0 days 00:01:37.355000,SOFT,7.0,4.0,15.0,41
2022,Bahrain,ALB,Williams,51.0,0 days 00:01:37.702000,SOFT,8.0,4.0,15.0,1
2022,Bahrain,ALB,Williams,52.0,0 days 00:01:37.717000,SOFT,9.0,4.0,15.0,1
2022,Bahrain,ALB,Williams,53.0,0 days 00:01:38.073000,SOFT,10.0,4.0,15.0,1
2022,Bahrain,ALB,Williams,54.0,0 days 00:01:38.356000,SOFT,11.0,4.0,15.0,1
2022,Bahrain,ALB,Williams,55.0,0 days 00:01:38.826000,SOFT,12.0,4.0,14.0,1
2022,Bahrain,ALB,Williams,56.0,0 days 00:01:39.202000,SOFT,13.0,4.0,14.0,12
2022,Bahrain,ALB,Williams,57.0,0 days 00:01:40.132000,SOFT,14.0,4.0,13.0,2
2022,Bahrain,ZHO,Alfa Romeo,1.0,0 days 00:01:51.374000,SOFT,1.0,1.0,19.0,1
2022,Bahrain,ZHO,Alfa Romeo,2.0,0 days 00:01:41.229000,SOFT,2.0,1.0,18.0,1
2022,Bahrain,ZHO,Alfa Romeo,3.0,0 days 00:01:40.183000,SOFT,3.0,1.0,17.0,1
2022,Bahrain,ZHO,Alfa Romeo,4.0,0 days 00:01:40.393000,SOFT,4.0,1.0,16.0,1
2022,Bahrain,ZHO,Alfa Romeo,5.0,0 days 00:01:41.574000,SOFT,5.0,1.0,15.0,1
2022,Bahrain,ZHO,Alfa Romeo,6.0,0 days 00:01:41.461000,SOFT,6.0,1.0,15.0,1
2022,Bahrain,ZHO,Alfa Romeo,7.0,0 days 00:01:40.620000,SOFT,7.0,1.0,14.0,1
2022,Bahrain,ZHO,Alfa Romeo,8.0,0 days 00:01:42.110000,SOFT,8.0,1.0,14.0,1
2022,Bahrain,ZHO,Alfa Romeo,9.0,0 days 00:01:42.258000,SOFT,9.0,1.0,14.0,1
2022,Bahrain,ZHO,Alfa Romeo,10.0,0 days 00:01:41.339000,SOFT,10.0,1.0,13.0,1
2022,Bahrain,ZHO,Alfa Romeo,11.0,0 days 00:01:41.057000,SOFT,11.0,1.0,13.0,1
2022,Bahrain,ZHO,Alfa Romeo,12.0,0 days 00:01:41.281000,SOFT,12.0,1.0,11.0,1
2022,Bahrain,ZHO,Alfa Romeo,13.0,0 days 00:01:41.400000,SOFT,13.0,1.0,12.0,1
2022,Bahrain,ZHO,Alfa Romeo,14.0,0 days 00:01:41.185000,SOFT,14.0,1.0,12.0,12
2022,Bahrain,ZHO,Alfa Romeo,15.0,0 days 00:01:43.106000,SOFT,15.0,1.0,8.0,1
2022,Bahrain,ZHO,Alfa Romeo,16.0,0 days 00:02:01.722000,MEDIUM,1.0,2.0,18.0,1
2022,Bahrain,ZHO,Alfa Romeo,17.0,0 days 00:01:38.348000,MEDIUM,2.0,2.0,16.0,1
2022,Bahrain,ZHO,Alfa Romeo,18.0,0 days 00:01:39.814000,MEDIUM,3.0,2.0,15.0,1
2022,Bahrain,ZHO,Alfa Romeo,19.0,0 days 00:01:38.630000,MEDIUM,4.0,2.0,13.0,1
2022,Bahrain,ZHO,Alfa Romeo,20.0,0 days 00:01:38.954000,MEDIUM,5.0,2.0,13.0,1
2022,Bahrain,ZHO,Alfa Romeo,21.0,0 days 00:01:39.047000,MEDIUM,6.0,2.0,13.0,1
2022,Bahrain,ZHO,Alfa Romeo,22.0,0 days 00:01:39.351000,MEDIUM,7.0,2.0,13.0,1
2022,Bahrain,ZHO,Alfa Romeo,23.0,0 days 00:01:39.304000,MEDIUM,8.0,2.0,13.0,1
2022,Bahrain,ZHO,Alfa Romeo,24.0,0 days 00:01:39.582000,MEDIUM,9.0,2.0,13.0,1
2022,Bahrain,ZHO,Alfa Romeo,25.0,0 days 00:01:39.849000,MEDIUM,10.0,2.0,13.0,1
2022,Bahrain,ZHO,Alfa Romeo,26.0,0 days 00:01:39.742000,MEDIUM,11.0,2.0,12.0,1
2022,Bahrain,ZHO,Alfa Romeo,27.0,0 days 00:01:40.070000,MEDIUM,12.0,2.0,12.0,1
2022,Bahrain,ZHO,Alfa Romeo,28.0,0 days 00:01:40.004000,MEDIUM,13.0,2.0,12.0,1
2022,Bahrain,ZHO,Alfa Romeo,29.0,0 days 00:01:40.446000,MEDIUM,14.0,2.0,12.0,1
2022,Bahrain,ZHO,Alfa Romeo,30.0,0 days 00:01:39.836000,MEDIUM,15.0,2.0,11.0,1
2022,Bahrain,ZHO,Alfa Romeo,31.0,0 days 00:01:39.748000,MEDIUM,16.0,2.0,10.0,1
2022,Bahrain,ZHO,Alfa Romeo,32.0,0 days 00:01:39.814000,MEDIUM,17.0,2.0,10.0,1
2022,Bahrain,ZHO,Alfa Romeo,33.0,0 days 00:01:39.842000,MEDIUM,18.0,2.0,9.0,1
2022,Bahrain,ZHO,Alfa Romeo,34.0,0 days 00:01:39.851000,MEDIUM,19.0,2.0,9.0,1
2022,Bahrain,ZHO,Alfa Romeo,35.0,0 days 00:01:39.954000,MEDIUM,20.0,2.0,8.0,1
2022,Bahrain,ZHO,Alfa Romeo,36.0,0 days 00:01:40.185000,MEDIUM,21.0,2.0,8.0,1
2022,Bahrain,ZHO,Alfa Romeo,37.0,0 days 00:01:42.700000,MEDIUM,22.0,2.0,9.0,1
2022,Bahrain,ZHO,Alfa Romeo,38.0,0 days 00:02:00.031000,MEDIUM,1.0,3.0,13.0,1
2022,Bahrain,ZHO,Alfa Romeo,39.0,0 days 00:01:36.685000,MEDIUM,2.0,3.0,13.0,1
2022,Bahrain,ZHO,Alfa Romeo,40.0,0 days 00:01:36.742000,MEDIUM,3.0,3.0,13.0,1
2022,Bahrain,ZHO,Alfa Romeo,41.0,0 days 00:01:36.745000,MEDIUM,4.0,3.0,13.0,1
2022,Bahrain,ZHO,Alfa Romeo,42.0,0 days 00:01:37.522000,MEDIUM,5.0,3.0,13.0,1
2022,Bahrain,ZHO,Alfa Romeo,43.0,0 days 00:01:37.667000,MEDIUM,6.0,3.0,12.0,1
2022,Bahrain,ZHO,Alfa Romeo,44.0,0 days 00:01:37.785000,MEDIUM,7.0,3.0,11.0,1
2022,Bahrain,ZHO,Alfa Romeo,45.0,0 days 00:02:01.756000,MEDIUM,8.0,3.0,9.0,164
2022,Bahrain,ZHO,Alfa Romeo,46.0,,SOFT,4.0,4.0,13.0,4
2022,Bahrain,ZHO,Alfa Romeo,47.0,0 days 00:01:52.222000,SOFT,5.0,4.0,13.0,4
2022,Bahrain,ZHO,Alfa Romeo,48.0,0 days 00:01:46.950000,SOFT,6.0,4.0,13.0,4
2022,Bahrain,ZHO,Alfa Romeo,49.0,0 days 00:01:51.232000,SOFT,7.0,4.0,13.0,4
2022,Bahrain,ZHO,Alfa Romeo,50.0,0 days 00:02:12.681000,SOFT,8.0,4.0,13.0,41
2022,Bahrain,ZHO,Alfa Romeo,51.0,0 days 00:01:39.725000,SOFT,9.0,4.0,13.0,1
2022,Bahrain,ZHO,Alfa Romeo,52.0,0 days 00:01:38.278000,SOFT,10.0,4.0,12.0,1
2022,Bahrain,ZHO,Alfa Romeo,53.0,0 days 00:01:37.162000,SOFT,11.0,4.0,12.0,1
2022,Bahrain,ZHO,Alfa Romeo,54.0,0 days 00:01:37.247000,SOFT,12.0,4.0,11.0,1
2022,Bahrain,ZHO,Alfa Romeo,55.0,0 days 00:01:37.132000,SOFT,13.0,4.0,11.0,1
2022,Bahrain,ZHO,Alfa Romeo,56.0,0 days 00:01:37.154000,SOFT,14.0,4.0,11.0,1
2022,Bahrain,ZHO,Alfa Romeo,57.0,0 days 00:01:38.941000,SOFT,15.0,4.0,10.0,12
2022,Bahrain,HUL,Aston Martin,1.0,0 days 00:01:49.698000,SOFT,1.0,1.0,15.0,1
2022,Bahrain,HUL,Aston Martin,2.0,0 days 00:01:41.077000,SOFT,2.0,1.0,15.0,1
2022,Bahrain,HUL,Aston Martin,3.0,0 days 00:01:40.638000,SOFT,3.0,1.0,15.0,1
2022,Bahrain,HUL,Aston Martin,4.0,0 days 00:01:41.189000,SOFT,4.0,1.0,15.0,1
2022,Bahrain,HUL,Aston Martin,5.0,0 days 00:01:42.490000,SOFT,5.0,1.0,16.0,1
2022,Bahrain,HUL,Aston Martin,6.0,0 days 00:01:41.995000,SOFT,6.0,1.0,16.0,1
2022,Bahrain,HUL,Aston Martin,7.0,0 days 00:01:41.912000,SOFT,7.0,1.0,16.0,1
2022,Bahrain,HUL,Aston Martin,8.0,0 days 00:01:42.177000,SOFT,8.0,1.0,16.0,1
2022,Bahrain,HUL,Aston Martin,9.0,0 days 00:01:43.773000,SOFT,9.0,1.0,17.0,1
2022,Bahrain,HUL,Aston Martin,10.0,0 days 00:01:43.228000,SOFT,10.0,1.0,17.0,1
2022,Bahrain,HUL,Aston Martin,11.0,0 days 00:01:42.603000,SOFT,11.0,1.0,17.0,1
2022,Bahrain,HUL,Aston Martin,12.0,0 days 00:01:42.821000,SOFT,12.0,1.0,15.0,1
2022,Bahrain,HUL,Aston Martin,13.0,0 days 00:01:41.942000,SOFT,13.0,1.0,15.0,1
2022,Bahrain,HUL,Aston Martin,14.0,0 days 00:01:42.959000,SOFT,14.0,1.0,15.0,12
2022,Bahrain,HUL,Aston Martin,15.0,0 days 00:01:42.819000,SOFT,15.0,1.0,13.0,1
2022,Bahrain,HUL,Aston Martin,16.0,0 days 00:01:43.615000,SOFT,16.0,1.0,12.0,1
2022,Bahrain,HUL,Aston Martin,17.0,0 days 00:01:44.450000,SOFT,17.0,1.0,15.0,1
2022,Bahrain,HUL,Aston Martin,18.0,0 days 00:01:43.590000,SOFT,18.0,1.0,17.0,1
2022,Bahrain,HUL,Aston Martin,19.0,0 days 00:01:45.242000,SOFT,19.0,1.0,17.0,1
2022,Bahrain,HUL,Aston Martin,20.0,0 days 00:02:03.711000,SOFT,1.0,2.0,20.0,1
2022,Bahrain,HUL,Aston Martin,21.0,0 days 00:01:39.180000,SOFT,2.0,2.0,20.0,1
2022,Bahrain,HUL,Aston Martin,22.0,0 days 00:01:39.307000,SOFT,3.0,2.0,20.0,1
2022,Bahrain,HUL,Aston Martin,23.0,0 days 00:01:39.220000,SOFT,4.0,2.0,20.0,1
2022,Bahrain,HUL,Aston Martin,24.0,0 days 00:01:39.307000,SOFT,5.0,2.0,20.0,1
2022,Bahrain,HUL,Aston Martin,25.0,0 days 00:01:39.689000,SOFT,6.0,2.0,19.0,1
2022,Bahrain,HUL,Aston Martin,26.0,0 days 00:01:39.506000,SOFT,7.0,2.0,19.0,1
2022,Bahrain,HUL,Aston Martin,27.0,0 days 00:01:39.840000,SOFT,8.0,2.0,19.0,1
2022,Bahrain,HUL,Aston Martin,28.0,0 days 00:01:42.651000,SOFT,9.0,2.0,19.0,1
2022,Bahrain,HUL,Aston Martin,29.0,0 days 00:01:42.181000,SOFT,10.0,2.0,19.0,1
2022,Bahrain,HUL,Aston Martin,30.0,0 days 00:01:40.483000,SOFT,11.0,2.0,19.0,1
2022,Bahrain,HUL,Aston Martin,31.0,0 days 00:01:40.473000,SOFT,12.0,2.0,19.0,1
2022,Bahrain,HUL,Aston Martin,32.0,0 days 00:01:41.036000,SOFT,13.0,2.0,18.0,1
2022,Bahrain,HUL,Aston Martin,33.0,0 days 00:01:40.070000,SOFT,14.0,2.0,18.0,1
2022,Bahrain,HUL,Aston Martin,34.0,0 days 00:01:44.369000,SOFT,15.0,2.0,18.0,1
2022,Bahrain,HUL,Aston Martin,35.0,0 days 00:01:40.815000,SOFT,16.0,2.0,18.0,1
2022,Bahrain,HUL,Aston Martin,36.0,0 days 00:01:40.658000,SOFT,17.0,2.0,17.0,1
2022,Bahrain,HUL,Aston Martin,37.0,0 days 00:01:43.481000,SOFT,18.0,2.0,17.0,1
2022,Bahrain,HUL,Aston Martin,38.0,0 days 00:02:02.368000,MEDIUM,1.0,3.0,20.0,1
2022,Bahrain,HUL,Aston Martin,39.0,0 days 00:01:38.819000,MEDIUM,2.0,3.0,20.0,1
2022,Bahrain,HUL,Aston Martin,40.0,0 days 00:01:38.751000,MEDIUM,3.0,3.0,20.0,1
2022,Bahrain,HUL,Aston Martin,41.0,0 days 00:01:38.361000,MEDIUM,4.0,3.0,20.0,1
2022,Bahrain,HUL,Aston Martin,42.0,0 days 00:01:39.671000,MEDIUM,5.0,3.0,20.0,1
2022,Bahrain,HUL,Aston Martin,43.0,0 days 00:01:40.222000,MEDIUM,6.0,3.0,20.0,1
2022,Bahrain,HUL,Aston Martin,44.0,0 days 00:01:53.374000,MEDIUM,7.0,3.0,20.0,164
2022,Bahrain,HUL,Aston Martin,45.0,0 days 00:02:28.352000,SOFT,1.0,4.0,19.0,4
2022,Bahrain,HUL,Aston Martin,46.0,0 days 00:01:59.839000,SOFT,2.0,4.0,19.0,4
2022,Bahrain,HUL,Aston Martin,47.0,0 days 00:01:59.877000,SOFT,3.0,4.0,19.0,4
2022,Bahrain,HUL,Aston Martin,48.0,0 days 00:01:53.739000,SOFT,4.0,4.0,19.0,4
2022,Bahrain,HUL,Aston Martin,49.0,0 days 00:01:38.201000,SOFT,5.0,4.0,19.0,4
2022,Bahrain,HUL,Aston Martin,50.0,0 days 00:01:38.299000,SOFT,6.0,4.0,19.0,41
2022,Bahrain,HUL,Aston Martin,51.0,0 days 00:01:38.243000,SOFT,7.0,4.0,19.0,1
2022,Bahrain,HUL,Aston Martin,52.0,0 days 00:01:38.599000,SOFT,8.0,4.0,19.0,1
2022,Bahrain,HUL,Aston Martin,53.0,0 days 00:01:38.452000,SOFT,9.0,4.0,19.0,1
2022,Bahrain,HUL,Aston Martin,54.0,0 days 00:01:38.533000,SOFT,10.0,4.0,19.0,1
2022,Bahrain,HUL,Aston Martin,55.0,0 days 00:01:39.236000,SOFT,11.0,4.0,18.0,1
2022,Bahrain,HUL,Aston Martin,56.0,0 days 00:01:39.102000,SOFT,12.0,4.0,18.0,12
2022,Bahrain,HUL,Aston Martin,57.0,0 days 00:01:41.180000,SOFT,13.0,4.0,17.0,2
2022,Bahrain,RIC,McLaren,1.0,0 days 00:01:51.601000,MEDIUM,1.0,1.0,20.0,1
2022,Bahrain,RIC,McLaren,2.0,0 days 00:01:42.590000,MEDIUM,2.0,1.0,20.0,1
2022,Bahrain,RIC,McLaren,3.0,0 days 00:01:41.711000,MEDIUM,3.0,1.0,20.0,1
2022,Bahrain,RIC,McLaren,4.0,0 days 00:01:41.803000,MEDIUM,4.0,1.0,20.0,1
2022,Bahrain,RIC,McLaren,5.0,0 days 00:01:41.818000,MEDIUM,5.0,1.0,20.0,1
2022,Bahrain,RIC,McLaren,6.0,0 days 00:01:41.770000,MEDIUM,6.0,1.0,19.0,1
2022,Bahrain,RIC,McLaren,7.0,0 days 00:01:43.137000,MEDIUM,7.0,1.0,20.0,1
2022,Bahrain,RIC,McLaren,8.0,0 days 00:01:41.894000,MEDIUM,8.0,1.0,20.0,1
2022,Bahrain,RIC,McLaren,9.0,0 days 00:01:42.746000,MEDIUM,9.0,1.0,20.0,1
2022,Bahrain,RIC,McLaren,10.0,0 days 00:01:42.777000,MEDIUM,10.0,1.0,20.0,1
2022,Bahrain,RIC,McLaren,11.0,0 days 00:01:42.641000,MEDIUM,11.0,1.0,20.0,1
2022,Bahrain,RIC,McLaren,12.0,0 days 00:01:41.621000,MEDIUM,12.0,1.0,18.0,1
2022,Bahrain,RIC,McLaren,13.0,0 days 00:01:42.461000,MEDIUM,13.0,1.0,18.0,1
2022,Bahrain,RIC,McLaren,14.0,0 days 00:01:42.375000,MEDIUM,14.0,1.0,17.0,12
2022,Bahrain,RIC,McLaren,15.0,0 days 00:01:42.543000,MEDIUM,15.0,1.0,15.0,1
2022,Bahrain,RIC,McLaren,16.0,0 days 00:01:43.515000,MEDIUM,16.0,1.0,15.0,1
2022,Bahrain,RIC,McLaren,17.0,0 days 00:01:46.215000,MEDIUM,17.0,1.0,18.0,1
2022,Bahrain,RIC,McLaren,18.0,0 days 00:02:00.056000,SOFT,1.0,2.0,20.0,1
2022,Bahrain,RIC,McLaren,19.0,0 days 00:01:39.374000,SOFT,2.0,2.0,20.0,1
2022,Bahrain,RIC,McLaren,20.0,0 days 00:01:39.349000,SOFT,3.0,2.0,19.0,1
2022,Bahrain,RIC,McLaren,21.0,0 days 00:01:39.722000,SOFT,4.0,2.0,19.0,1
2022,Bahrain,RIC,McLaren,22.0,0 days 00:01:39.715000,SOFT,5.0,2.0,19.0,1
2022,Bahrain,RIC,McLaren,23.0,0 days 00:01:39.832000,SOFT,6.0,2.0,19.0,1
2022,Bahrain,RIC,McLaren,24.0,0 days 00:01:40.273000,SOFT,7.0,2.0,19.0,1
2022,Bahrain,RIC,McLaren,25.0,0 days 00:01:40.367000,SOFT,8.0,2.0,18.0,1
2022,Bahrain,RIC,McLaren,26.0,0 days 00:01:40.521000,SOFT,9.0,2.0,18.0,1
2022,Bahrain,RIC,McLaren,27.0,0 days 00:01:40.869000,SOFT,10.0,2.0,18.0,1
2022,Bahrain,RIC,McLaren,28.0,0 days 00:01:41.188000,SOFT,11.0,2.0,17.0,1
2022,Bahrain,RIC,McLaren,29.0,0 days 00:01:40.627000,SOFT,12.0,2.0,17.0,1
2022,Bahrain,RIC,McLaren,30.0,0 days 00:01:40.647000,SOFT,13.0,2.0,17.0,1
2022,Bahrain,RIC,McLaren,31.0,0 days 00:01:40.631000,SOFT,14.0,2.0,17.0,1
2022,Bahrain,RIC,McLaren,32.0,0 days 00:01:40.686000,SOFT,15.0,2.0,17.0,1
2022,Bahrain,RIC,McLaren,33.0,0 days 00:01:43.359000,SOFT,16.0,2.0,17.0,1
2022,Bahrain,RIC,McLaren,34.0,0 days 00:02:02.850000,HARD,1.0,3.0,19.0,1
2022,Bahrain,RIC,McLaren,35.0,0 days 00:01:40.424000,HARD,2.0,3.0,19.0,1
2022,Bahrain,RIC,McLaren,36.0,0 days 00:01:38.927000,HARD,3.0,3.0,19.0,1
2022,Bahrain,RIC,McLaren,37.0,0 days 00:01:38.988000,HARD,4.0,3.0,19.0,1
2022,Bahrain,RIC,McLaren,38.0,0 days 00:01:39.146000,HARD,5.0,3.0,18.0,1
2022,Bahrain,RIC,McLaren,39.0,0 days 00:01:39.320000,HARD,6.0,3.0,18.0,1
2022,Bahrain,RIC,McLaren,40.0,0 days 00:01:39.157000,HARD,7.0,3.0,18.0,1
2022,Bahrain,RIC,McLaren,41.0,0 days 00:01:39.054000,HARD,8.0,3.0,18.0,1
2022,Bahrain,RIC,McLaren,42.0,0 days 00:01:41.069000,HARD,9.0,3.0,17.0,1
2022,Bahrain,RIC,McLaren,43.0,0 days 00:01:39.421000,HARD,10.0,3.0,17.0,1
2022,Bahrain,RIC,McLaren,44.0,0 days 00:01:49.227000,HARD,11.0,3.0,17.0,164
2022,Bahrain,RIC,McLaren,45.0,0 days 00:02:28.703000,SOFT,1.0,4.0,18.0,4
2022,Bahrain,RIC,McLaren,46.0,0 days 00:02:10.812000,SOFT,2.0,4.0,16.0,4
2022,Bahrain,RIC,McLaren,47.0,0 days 00:01:58.607000,SOFT,3.0,4.0,16.0,4
2022,Bahrain,RIC,McLaren,48.0,0 days 00:01:57.098000,SOFT,4.0,4.0,16.0,4
2022,Bahrain,RIC,McLaren,49.0,0 days 00:01:39.453000,SOFT,5.0,4.0,16.0,4
2022,Bahrain,RIC,McLaren,50.0,0 days 00:01:37.261000,SOFT,6.0,4.0,16.0,41
2022,Bahrain,RIC,McLaren,51.0,0 days 00:01:37.580000,SOFT,7.0,4.0,16.0,1
2022,Bahrain,RIC,McLaren,52.0,0 days 00:01:37.654000,SOFT,8.0,4.0,16.0,1
2022,Bahrain,RIC,McLaren,53.0,0 days 00:01:37.671000,SOFT,9.0,4.0,16.0,1
2022,Bahrain,RIC,McLaren,54.0,0 days 00:01:38.120000,SOFT,10.0,4.0,16.0,1
2022,Bahrain,RIC,McLaren,55.0,0 days 00:01:38.639000,SOFT,11.0,4.0,15.0,1
2022,Bahrain,RIC,McLaren,56.0,0 days 00:01:38.860000,SOFT,12.0,4.0,15.0,12
2022,Bahrain,RIC,McLaren,57.0,0 days 00:01:40.084000,SOFT,13.0,4.0,14.0,2
2022,Bahrain,OCO,Alpine,1.0,0 days 00:01:46.170000,SOFT,1.0,1.0,10.0,1
2022,Bahrain,OCO,Alpine,2.0,0 days 00:01:40.111000,SOFT,2.0,1.0,10.0,1
2022,Bahrain,OCO,Alpine,3.0,0 days 00:01:40.248000,SOFT,3.0,1.0,10.0,1
2022,Bahrain,OCO,Alpine,4.0,0 days 00:01:40.209000,SOFT,4.0,1.0,10.0,1
2022,Bahrain,OCO,Alpine,5.0,0 days 00:01:40.483000,SOFT,5.0,1.0,10.0,1
2022,Bahrain,OCO,Alpine,6.0,0 days 00:01:40.558000,SOFT,6.0,1.0,10.0,1
2022,Bahrain,OCO,Alpine,7.0,0 days 00:01:40.782000,SOFT,7.0,1.0,10.0,1
2022,Bahrain,OCO,Alpine,8.0,0 days 00:01:40.442000,SOFT,8.0,1.0,9.0,1
2022,Bahrain,OCO,Alpine,9.0,0 days 00:01:40.819000,SOFT,9.0,1.0,9.0,1
2022,Bahrain,OCO,Alpine,10.0,0 days 00:01:40.992000,SOFT,10.0,1.0,9.0,1
2022,Bahrain,OCO,Alpine,11.0,0 days 00:01:41.082000,SOFT,11.0,1.0,9.0,1
2022,Bahrain,OCO,Alpine,12.0,0 days 00:01:41.094000,SOFT,12.0,1.0,8.0,1
2022,Bahrain,OCO,Alpine,13.0,0 days 00:01:41.395000,SOFT,13.0,1.0,8.0,1
2022,Bahrain,OCO,Alpine,14.0,0 days 00:01:44.080000,SOFT,14.0,1.0,8.0,12
2022,Bahrain,OCO,Alpine,15.0,0 days 00:02:05.634000,MEDIUM,1.0,2.0,16.0,1
2022,Bahrain,OCO,Alpine,16.0,0 days 00:01:40.079000,MEDIUM,2.0,2.0,11.0,1
2022,Bahrain,OCO,Alpine,17.0,0 days 00:01:38.820000,MEDIUM,3.0,2.0,11.0,1
2022,Bahrain,OCO,Alpine,18.0,0 days 00:01:40.025000,MEDIUM,4.0,2.0,10.0,1
2022,Bahrain,OCO,Alpine,19.0,0 days 00:01:38.442000,MEDIUM,5.0,2.0,10.0,1
2022,Bahrain,OCO,Alpine,20.0,0 days 00:01:38.917000,MEDIUM,6.0,2.0,10.0,1
2022,Bahrain,OCO,Alpine,21.0,0 days 00:01:39.183000,MEDIUM,7.0,2.0,10.0,1
2022,Bahrain,OCO,Alpine,22.0,0 days 00:01:39.304000,MEDIUM,8.0,2.0,10.0,1
2022,Bahrain,OCO,Alpine,23.0,0 days 00:01:39.495000,MEDIUM,9.0,2.0,10.0,1
2022,Bahrain,OCO,Alpine,24.0,0 days 00:01:39.886000,MEDIUM,10.0,2.0,10.0,1
2022,Bahrain,OCO,Alpine,25.0,0 days 00:01:40.278000,MEDIUM,11.0,2.0,9.0,1
2022,Bahrain,OCO,Alpine,26.0,0 days 00:01:39.188000,MEDIUM,12.0,2.0,9.0,1
2022,Bahrain,OCO,Alpine,27.0,0 days 00:01:39.789000,MEDIUM,13.0,2.0,9.0,1
2022,Bahrain,OCO,Alpine,28.0,0 days 00:01:39.766000,MEDIUM,14.0,2.0,9.0,1
2022,Bahrain,OCO,Alpine,29.0,0 days 00:01:39.877000,MEDIUM,15.0,2.0,9.0,1
2022,Bahrain,OCO,Alpine,30.0,0 days 00:01:42.618000,MEDIUM,16.0,2.0,9.0,1
2022,Bahrain,OCO,Alpine,31.0,0 days 00:02:00.824000,HARD,1.0,3.0,13.0,1
2022,Bahrain,OCO,Alpine,32.0,0 days 00:01:38.298000,HARD,2.0,3.0,12.0,1
2022,Bahrain,OCO,Alpine,33.0,0 days 00:01:38.110000,HARD,3.0,3.0,12.0,1
2022,Bahrain,OCO,Alpine,34.0,0 days 00:01:38.155000,HARD,4.0,3.0,12.0,1
2022,Bahrain,OCO,Alpine,35.0,0 days 00:01:38.307000,HARD,5.0,3.0,12.0,1
2022,Bahrain,OCO,Alpine,36.0,0 days 00:01:38.515000,HARD,6.0,3.0,12.0,1
2022,Bahrain,OCO,Alpine,37.0,0 days 00:01:38.851000,HARD,7.0,3.0,11.0,1
2022,Bahrain,OCO,Alpine,38.0,0 days 00:01:38.210000,HARD,8.0,3.0,9.0,1
2022,Bahrain,OCO,Alpine,39.0,0 days 00:01:38.612000,HARD,9.0,3.0,9.0,1
2022,Bahrain,OCO,Alpine,40.0,0 days 00:01:38.641000,HARD,10.0,3.0,9.0,1
2022,Bahrain,OCO,Alpine,41.0,0 days 00:01:38.584000,HARD,11.0,3.0,9.0,1
2022,Bahrain,OCO,Alpine,42.0,0 days 00:01:39.064000,HARD,12.0,3.0,9.0,1
2022,Bahrain,OCO,Alpine,43.0,0 days 00:01:41.631000,HARD,13.0,3.0,9.0,1
2022,Bahrain,OCO,Alpine,44.0,0 days 00:01:56.780000,SOFT,4.0,4.0,12.0,1
2022,Bahrain,OCO,Alpine,45.0,0 days 00:02:04.785000,SOFT,5.0,4.0,10.0,164
2022,Bahrain,OCO,Alpine,46.0,0 days 00:02:11.055000,SOFT,6.0,4.0,9.0,4
2022,Bahrain,OCO,Alpine,47.0,0 days 00:01:44.365000,SOFT,7.0,4.0,9.0,4
2022,Bahrain,OCO,Alpine,48.0,0 days 00:01:45.075000,SOFT,8.0,4.0,9.0,4
2022,Bahrain,OCO,Alpine,49.0,0 days 00:02:06.437000,SOFT,9.0,4.0,9.0,4
2022,Bahrain,OCO,Alpine,50.0,0 days 00:02:15.414000,SOFT,10.0,4.0,9.0,41
2022,Bahrain,OCO,Alpine,51.0,0 days 00:01:38.145000,SOFT,11.0,4.0,9.0,1
2022,Bahrain,OCO,Alpine,52.0,0 days 00:01:37.367000,SOFT,12.0,4.0,9.0,1
2022,Bahrain,OCO,Alpine,53.0,0 days 00:01:37.110000,SOFT,13.0,4.0,9.0,1
2022,Bahrain,OCO,Alpine,54.0,0 days 00:01:37.299000,SOFT,14.0,4.0,8.0,1
2022,Bahrain,OCO,Alpine,55.0,0 days 00:01:37.251000,SOFT,15.0,4.0,8.0,1
2022,Bahrain,OCO,Alpine,56.0,0 days 00:01:37.680000,SOFT,16.0,4.0,8.0,1
2022,Bahrain,OCO,Alpine,57.0,0 days 00:01:38.676000,SOFT,17.0,4.0,7.0,12
2022,Bahrain,NOR,McLaren,1.0,0 days 00:01:50.088000,MEDIUM,1.0,1.0,16.0,1
2022,Bahrain,NOR,McLaren,2.0,0 days 00:01:42.279000,MEDIUM,2.0,1.0,17.0,1
2022,Bahrain,NOR,McLaren,3.0,0 days 00:01:41.785000,MEDIUM,3.0,1.0,18.0,1
2022,Bahrain,NOR,McLaren,4.0,0 days 00:01:41.459000,MEDIUM,4.0,1.0,18.0,1
2022,Bahrain,NOR,McLaren,5.0,0 days 00:01:41.713000,MEDIUM,5.0,1.0,18.0,1
2022,Bahrain,NOR,McLaren,6.0,0 days 00:01:41.658000,MEDIUM,6.0,1.0,18.0,1
2022,Bahrain,NOR,McLaren,7.0,0 days 00:01:42.192000,MEDIUM,7.0,1.0,18.0,1
2022,Bahrain,NOR,McLaren,8.0,0 days 00:01:41.860000,MEDIUM,8.0,1.0,18.0,1
2022,Bahrain,NOR,McLaren,9.0,0 days 00:01:42.492000,MEDIUM,9.0,1.0,18.0,1
2022,Bahrain,NOR,McLaren,10.0,0 days 00:01:43.420000,MEDIUM,10.0,1.0,18.0,1
2022,Bahrain,NOR,McLaren,11.0,0 days 00:01:42.833000,MEDIUM,11.0,1.0,18.0,1
2022,Bahrain,NOR,McLaren,12.0,0 days 00:01:42.645000,MEDIUM,12.0,1.0,16.0,1
2022,Bahrain,NOR,McLaren,13.0,0 days 00:01:42.041000,MEDIUM,13.0,1.0,16.0,1
2022,Bahrain,NOR,McLaren,14.0,0 days 00:01:42.794000,MEDIUM,14.0,1.0,16.0,12
2022,Bahrain,NOR,McLaren,15.0,0 days 00:01:42.830000,MEDIUM,15.0,1.0,14.0,1
2022,Bahrain,NOR,McLaren,16.0,0 days 00:01:43.031000,MEDIUM,16.0,1.0,13.0,1
2022,Bahrain,NOR,McLaren,17.0,0 days 00:01:43.396000,MEDIUM,17.0,1.0,14.0,1
2022,Bahrain,NOR,McLaren,18.0,0 days 00:01:41.828000,MEDIUM,18.0,1.0,14.0,1
2022,Bahrain,NOR,McLaren,19.0,0 days 00:01:43.166000,MEDIUM,19.0,1.0,15.0,1
2022,Bahrain,NOR,McLaren,20.0,0 days 00:01:41.881000,MEDIUM,20.0,1.0,15.0,1
2022,Bahrain,NOR,McLaren,21.0,0 days 00:01:41.816000,MEDIUM,21.0,1.0,15.0,1
2022,Bahrain,NOR,McLaren,22.0,0 days 00:01:42.876000,MEDIUM,22.0,1.0,16.0,1
2022,Bahrain,NOR,McLaren,23.0,0 days 00:01:42.186000,MEDIUM,23.0,1.0,16.0,1
2022,Bahrain,NOR,McLaren,24.0,0 days 00:01:45.759000,MEDIUM,24.0,1.0,17.0,1
2022,Bahrain,NOR,McLaren,25.0,0 days 00:02:02.145000,HARD,1.0,2.0,20.0,1
2022,Bahrain,NOR,McLaren,26.0,0 days 00:01:39.351000,HARD,2.0,2.0,20.0,1
2022,Bahrain,NOR,McLaren,27.0,0 days 00:01:39.175000,HARD,3.0,2.0,20.0,1
2022,Bahrain,NOR,McLaren,28.0,0 days 00:01:39.042000,HARD,4.0,2.0,20.0,1
2022,Bahrain,NOR,McLaren,29.0,0 days 00:01:38.874000,HARD,5.0,2.0,20.0,1
2022,Bahrain,NOR,McLaren,30.0,0 days 00:01:39.184000,HARD,6.0,2.0,20.0,1
2022,Bahrain,NOR,McLaren,31.0,0 days 00:01:39.251000,HARD,7.0,2.0,20.0,1
2022,Bahrain,NOR,McLaren,32.0,0 days 00:01:41.449000,HARD,8.0,2.0,19.0,1
2022,Bahrain,NOR,McLaren,33.0,0 days 00:01:39.161000,HARD,9.0,2.0,19.0,1
2022,Bahrain,NOR,McLaren,34.0,0 days 00:01:40.104000,HARD,10.0,2.0,17.0,1
2022,Bahrain,NOR,McLaren,35.0,0 days 00:01:40.844000,HARD,11.0,2.0,17.0,1
2022,Bahrain,NOR,McLaren,36.0,0 days 00:01:40.766000,HARD,12.0,2.0,16.0,1
2022,Bahrain,NOR,McLaren,37.0,0 days 00:01:39.657000,HARD,13.0,2.0,16.0,1
2022,Bahrain,NOR,McLaren,38.0,0 days 00:01:39.679000,HARD,14.0,2.0,16.0,1
2022,Bahrain,NOR,McLaren,39.0,0 days 00:01:39.677000,HARD,15.0,2.0,15.0,1
2022,Bahrain,NOR,McLaren,40.0,0 days 00:01:41.799000,HARD,16.0,2.0,15.0,1
2022,Bahrain,NOR,McLaren,41.0,0 days 00:01:42.153000,HARD,17.0,2.0,16.0,1
2022,Bahrain,NOR,McLaren,42.0,0 days 00:02:00.713000,SOFT,1.0,3.0,19.0,1
2022,Bahrain,NOR,McLaren,43.0,0 days 00:01:37.204000,SOFT,2.0,3.0,18.0,1
2022,Bahrain,NOR,McLaren,44.0,0 days 00:01:45.936000,SOFT,3.0,3.0,18.0,164
2022,Bahrain,NOR,McLaren,45.0,0 days 00:02:12.350000,SOFT,4.0,3.0,16.0,4
2022,Bahrain,NOR,McLaren,46.0,0 days 00:02:23.748000,SOFT,4.0,4.0,17.0,4
2022,Bahrain,NOR,McLaren,47.0,0 days 00:01:59.069000,SOFT,5.0,4.0,17.0,4
2022,Bahrain,NOR,McLaren,48.0,0 days 00:01:54.670000,SOFT,6.0,4.0,17.0,4
2022,Bahrain,NOR,McLaren,49.0,0 days 00:01:39.907000,SOFT,7.0,4.0,17.0,4
2022,Bahrain,NOR,McLaren,50.0,0 days 00:01:38.098000,SOFT,8.0,4.0,17.0,41
2022,Bahrain,NOR,McLaren,51.0,0 days 00:01:36.988000,SOFT,9.0,4.0,17.0,1
2022,Bahrain,NOR,McLaren,52.0,0 days 00:01:37.208000,SOFT,10.0,4.0,17.0,1
2022,Bahrain,NOR,McLaren,53.0,0 days 00:01:37.468000,SOFT,11.0,4.0,17.0,1
2022,Bahrain,NOR,McLaren,54.0,0 days 00:01:38.018000,SOFT,12.0,4.0,17.0,1
2022,Bahrain,NOR,McLaren,55.0,0 days 00:01:38.660000,SOFT,13.0,4.0,16.0,1
2022,Bahrain,NOR,McLaren,56.0,0 days 00:01:38.987000,SOFT,14.0,4.0,16.0,12
2022,Bahrain,NOR,McLaren,57.0,0 days 00:01:40.556000,SOFT,15.0,4.0,15.0,2
2022,Bahrain,HAM,Mercedes,1.0,0 days 00:01:41.555000,SOFT,3.0,1.0,4.0,1
2022,Bahrain,HAM,Mercedes,2.0,0 days 00:01:39.002000,SOFT,4.0,1.0,4.0,1
2022,Bahrain,HAM,Mercedes,3.0,0 days 00:01:39.075000,SOFT,5.0,1.0,4.0,1
2022,Bahrain,HAM,Mercedes,4.0,0 days 00:01:38.892000,SOFT,6.0,1.0,4.0,1
2022,Bahrain,HAM,Mercedes,5.0,0 days 00:01:38.923000,SOFT,7.0,1.0,4.0,1
2022,Bahrain,HAM,Mercedes,6.0,0 days 00:01:39.707000,SOFT,8.0,1.0,4.0,1
2022,Bahrain,HAM,Mercedes,7.0,0 days 00:01:39.682000,SOFT,9.0,1.0,4.0,1
2022,Bahrain,HAM,Mercedes,8.0,0 days 00:01:39.758000,SOFT,10.0,1.0,4.0,1
2022,Bahrain,HAM,Mercedes,9.0,0 days 00:01:40.274000,SOFT,11.0,1.0,4.0,1
2022,Bahrain,HAM,Mercedes,10.0,0 days 00:01:41.581000,SOFT,12.0,1.0,5.0,1
2022,Bahrain,HAM,Mercedes,11.0,0 days 00:01:42.945000,SOFT,13.0,1.0,5.0,1
2022,Bahrain,HAM,Mercedes,12.0,0 days 00:02:03.697000,HARD,2.0,2.0,12.0,1
2022,Bahrain,HAM,Mercedes,13.0,0 days 00:01:39.330000,HARD,3.0,2.0,11.0,1
2022,Bahrain,HAM,Mercedes,14.0,0 days 00:01:39.309000,HARD,4.0,2.0,10.0,12
2022,Bahrain,HAM,Mercedes,15.0,0 days 00:01:38.587000,HARD,5.0,2.0,6.0,1
2022,Bahrain,HAM,Mercedes,16.0,0 days 00:01:38.236000,HARD,6.0,2.0,5.0,1
2022,Bahrain,HAM,Mercedes,17.0,0 days 00:01:38.644000,HARD,7.0,2.0,5.0,1
2022,Bahrain,HAM,Mercedes,18.0,0 days 00:01:38.368000,HARD,8.0,2.0,5.0,1
2022,Bahrain,HAM,Mercedes,19.0,0 days 00:01:38.393000,HARD,9.0,2.0,5.0,1
2022,Bahrain,HAM,Mercedes,20.0,0 days 00:01:38.606000,HARD,10.0,2.0,5.0,1
2022,Bahrain,HAM,Mercedes,21.0,0 days 00:01:38.542000,HARD,11.0,2.0,5.0,1
2022,Bahrain,HAM,Mercedes,22.0,0 days 00:01:39.407000,HARD,12.0,2.0,5.0,1
2022,Bahrain,HAM,Mercedes,23.0,0 days 00:01:39.109000,HARD,13.0,2.0,5.0,1
2022,Bahrain,HAM,Mercedes,24.0,0 days 00:01:39.342000,HARD,14.0,2.0,5.0,1
2022,Bahrain,HAM,Mercedes,25.0,0 days 00:01:39.186000,HARD,15.0,2.0,5.0,1
2022,Bahrain,HAM,Mercedes,26.0,0 days 00:01:39.255000,HARD,16.0,2.0,5.0,1
2022,Bahrain,HAM,Mercedes,27.0,0 days 00:01:41.666000,HARD,17.0,2.0,5.0,1
2022,Bahrain,HAM,Mercedes,28.0,0 days 00:02:01.276000,MEDIUM,1.0,3.0,8.0,1
2022,Bahrain,HAM,Mercedes,29.0,0 days 00:01:37.871000,MEDIUM,2.0,3.0,8.0,1
2022,Bahrain,HAM,Mercedes,30.0,0 days 00:01:37.506000,MEDIUM,3.0,3.0,8.0,1
2022,Bahrain,HAM,Mercedes,31.0,0 days 00:01:36.660000,MEDIUM,4.0,3.0,7.0,1
2022,Bahrain,HAM,Mercedes,32.0,0 days 00:01:38.290000,MEDIUM,5.0,3.0,7.0,1
2022,Bahrain,HAM,Mercedes,33.0,0 days 00:01:37.085000,MEDIUM,6.0,3.0,6.0,1
2022,Bahrain,HAM,Mercedes,34.0,0 days 00:01:37.593000,MEDIUM,7.0,3.0,5.0,1
2022,Bahrain,HAM,Mercedes,35.0,0 days 00:01:37.470000,MEDIUM,8.0,3.0,5.0,1
2022,Bahrain,HAM,Mercedes,36.0,0 days 00:01:37.660000,MEDIUM,9.0,3.0,5.0,1
2022,Bahrain,HAM,Mercedes,37.0,0 days 00:01:37.771000,MEDIUM,10.0,3.0,5.0,1
2022,Bahrain,HAM,Mercedes,38.0,0 days 00:01:37.942000,MEDIUM,11.0,3.0,5.0,1
2022,Bahrain,HAM,Mercedes,39.0,0 days 00:01:37.668000,MEDIUM,12.0,3.0,5.0,1
2022,Bahrain,HAM,Mercedes,40.0,0 days 00:01:37.898000,MEDIUM,13.0,3.0,5.0,1
2022,Bahrain,HAM,Mercedes,41.0,0 days 00:01:37.912000,MEDIUM,14.0,3.0,5.0,1
2022,Bahrain,HAM,Mercedes,42.0,0 days 00:01:38.422000,MEDIUM,15.0,3.0,5.0,1
2022,Bahrain,HAM,Mercedes,43.0,0 days 00:01:38.205000,MEDIUM,16.0,3.0,5.0,1
2022,Bahrain,HAM,Mercedes,44.0,0 days 00:01:41.007000,MEDIUM,17.0,3.0,4.0,1
2022,Bahrain,HAM,Mercedes,45.0,0 days 00:02:11.741000,SOFT,4.0,4.0,6.0,164
2022,Bahrain,HAM,Mercedes,46.0,0 days 00:02:11.044000,SOFT,5.0,4.0,5.0,4
2022,Bahrain,HAM,Mercedes,47.0,0 days 00:02:06.318000,SOFT,6.0,4.0,5.0,4
2022,Bahrain,HAM,Mercedes,48.0,0 days 00:01:59.093000,SOFT,7.0,4.0,5.0,4
2022,Bahrain,HAM,Mercedes,49.0,0 days 00:02:19.798000,SOFT,8.0,4.0,5.0,4
2022,Bahrain,HAM,Mercedes,50.0,0 days 00:02:20.564000,SOFT,9.0,4.0,5.0,41
2022,Bahrain,HAM,Mercedes,51.0,0 days 00:01:36.487000,SOFT,10.0,4.0,5.0,1
2022,Bahrain,HAM,Mercedes,52.0,0 days 00:01:36.360000,SOFT,11.0,4.0,5.0,1
2022,Bahrain,HAM,Mercedes,53.0,0 days 00:01:36.228000,SOFT,12.0,4.0,5.0,1
2022,Bahrain,HAM,Mercedes,54.0,0 days 00:01:36.354000,SOFT,13.0,4.0,4.0,1
2022,Bahrain,HAM,Mercedes,55.0,0 days 00:01:36.566000,SOFT,14.0,4.0,4.0,1
2022,Bahrain,HAM,Mercedes,56.0,0 days 00:01:36.481000,SOFT,15.0,4.0,4.0,1
2022,Bahrain,HAM,Mercedes,57.0,0 days 00:01:36.918000,SOFT,16.0,4.0,3.0,12
2022,Bahrain,MSC,Haas F1 Team,1.0,0 days 00:01:48.826000,SOFT,1.0,1.0,13.0,1
2022,Bahrain,MSC,Haas F1 Team,2.0,0 days 00:01:40.722000,SOFT,2.0,1.0,13.0,1
2022,Bahrain,MSC,Haas F1 Team,3.0,0 days 00:01:40.747000,SOFT,3.0,1.0,13.0,1
2022,Bahrain,MSC,Haas F1 Team,4.0,0 days 00:01:41.163000,SOFT,4.0,1.0,13.0,1
2022,Bahrain,MSC,Haas F1 Team,5.0,0 days 00:01:42.049000,SOFT,5.0,1.0,13.0,1
2022,Bahrain,MSC,Haas F1 Team,6.0,0 days 00:01:42.447000,SOFT,6.0,1.0,14.0,1
2022,Bahrain,MSC,Haas F1 Team,7.0,0 days 00:01:42.512000,SOFT,7.0,1.0,15.0,1
2022,Bahrain,MSC,Haas F1 Team,8.0,0 days 00:01:42.304000,SOFT,8.0,1.0,15.0,1
2022,Bahrain,MSC,Haas F1 Team,9.0,0 days 00:01:42.158000,SOFT,9.0,1.0,15.0,1
2022,Bahrain,MSC,Haas F1 Team,10.0,0 days 00:01:43.969000,SOFT,10.0,1.0,16.0,1
2022,Bahrain,MSC,Haas F1 Team,11.0,0 days 00:01:42.809000,SOFT,11.0,1.0,16.0,1
2022,Bahrain,MSC,Haas F1 Team,12.0,0 days 00:01:45.949000,SOFT,12.0,1.0,17.0,1
2022,Bahrain,MSC,Haas F1 Team,13.0,0 days 00:01:59.469000,MEDIUM,1.0,2.0,20.0,1
2022,Bahrain,MSC,Haas F1 Team,14.0,0 days 00:01:38.179000,MEDIUM,2.0,2.0,19.0,12
2022,Bahrain,MSC,Haas F1 Team,15.0,0 days 00:01:39.109000,MEDIUM,3.0,2.0,18.0,1
2022,Bahrain,MSC,Haas F1 Team,16.0,0 days 00:01:39.406000,MEDIUM,4.0,2.0,17.0,1
2022,Bahrain,MSC,Haas F1 Team,17.0,0 days 00:01:40.565000,MEDIUM,5.0,2.0,17.0,1
2022,Bahrain,MSC,Haas F1 Team,18.0,0 days 00:01:39.878000,MEDIUM,6.0,2.0,16.0,1
2022,Bahrain,MSC,Haas F1 Team,19.0,0 days 00:01:40.091000,MEDIUM,7.0,2.0,14.0,1
2022,Bahrain,MSC,Haas F1 Team,20.0,0 days 00:01:39.295000,MEDIUM,8.0,2.0,14.0,1
2022,Bahrain,MSC,Haas F1 Team,21.0,0 days 00:01:39.816000,MEDIUM,9.0,2.0,14.0,1
2022,Bahrain,MSC,Haas F1 Team,22.0,0 days 00:01:39.964000,MEDIUM,10.0,2.0,14.0,1
2022,Bahrain,MSC,Haas F1 Team,23.0,0 days 00:01:40.636000,MEDIUM,11.0,2.0,14.0,1
2022,Bahrain,MSC,Haas F1 Team,24.0,0 days 00:01:40.154000,MEDIUM,12.0,2.0,14.0,1
2022,Bahrain,MSC,Haas F1 Team,25.0,0 days 00:01:40.620000,MEDIUM,13.0,2.0,14.0,1
2022,Bahrain,MSC,Haas F1 Team,26.0,0 days 00:01:40.547000,MEDIUM,14.0,2.0,13.0,1
2022,Bahrain,MSC,Haas F1 Team,27.0,0 days 00:01:40.987000,MEDIUM,15.0,2.0,13.0,1
2022,Bahrain,MSC,Haas F1 Team,28.0,0 days 00:01:40.690000,MEDIUM,16.0,2.0,13.0,1
2022,Bahrain,MSC,Haas F1 Team,29.0,0 days 00:01:40.919000,MEDIUM,17.0,2.0,13.0,1
2022,Bahrain,MSC,Haas F1 Team,30.0,0 days 00:01:41.606000,MEDIUM,18.0,2.0,13.0,1
2022,Bahrain,MSC,Haas F1 Team,31.0,0 days 00:01:40.914000,MEDIUM,19.0,2.0,12.0,1
2022,Bahrain,MSC,Haas F1 Team,32.0,0 days 00:01:40.916000,MEDIUM,20.0,2.0,13.0,1
2022,Bahrain,MSC,Haas F1 Team,33.0,0 days 00:01:41.340000,MEDIUM,21.0,2.0,14.0,1
2022,Bahrain,MSC,Haas F1 Team,34.0,0 days 00:01:41.178000,MEDIUM,22.0,2.0,14.0,1
2022,Bahrain,MSC,Haas F1 Team,35.0,0 days 00:01:43.748000,MEDIUM,23.0,2.0,14.0,1
2022,Bahrain,MSC,Haas F1 Team,36.0,0 days 00:01:58.500000,SOFT,3.0,3.0,15.0,1
2022,Bahrain,MSC,Haas F1 Team,37.0,0 days 00:01:36.956000,SOFT,4.0,3.0,15.0,1
2022,Bahrain,MSC,Haas F1 Team,38.0,0 days 00:01:37.176000,SOFT,5.0,3.0,15.0,1
2022,Bahrain,MSC,Haas F1 Team,39.0,0 days 00:01:37.433000,SOFT,6.0,3.0,14.0,1
2022,Bahrain,MSC,Haas F1 Team,40.0,0 days 00:01:37.947000,SOFT,7.0,3.0,14.0,1
2022,Bahrain,MSC,Haas F1 Team,41.0,0 days 00:01:38.182000,SOFT,8.0,3.0,14.0,1
2022,Bahrain,MSC,Haas F1 Team,42.0,0 days 00:01:37.957000,SOFT,9.0,3.0,14.0,1
2022,Bahrain,MSC,Haas F1 Team,43.0,0 days 00:01:38.137000,SOFT,10.0,3.0,13.0,1
2022,Bahrain,MSC,Haas F1 Team,44.0,0 days 00:01:38.279000,SOFT,11.0,3.0,13.0,1
2022,Bahrain,MSC,Haas F1 Team,45.0,0 days 00:02:07.252000,SOFT,12.0,3.0,11.0,164
2022,Bahrain,MSC,Haas F1 Team,46.0,0 days 00:02:10.214000,SOFT,13.0,3.0,10.0,4
2022,Bahrain,MSC,Haas F1 Team,47.0,0 days 00:01:45.856000,SOFT,14.0,3.0,10.0,4
2022,Bahrain,MSC,Haas F1 Team,48.0,0 days 00:01:43.510000,SOFT,15.0,3.0,10.0,4
2022,Bahrain,MSC,Haas F1 Team,49.0,0 days 00:02:01.897000,SOFT,16.0,3.0,10.0,4
2022,Bahrain,MSC,Haas F1 Team,50.0,0 days 00:02:15.042000,SOFT,17.0,3.0,10.0,41
2022,Bahrain,MSC,Haas F1 Team,51.0,0 days 00:01:40.528000,SOFT,18.0,3.0,12.0,1
2022,Bahrain,MSC,Haas F1 Team,52.0,0 days 00:01:39.537000,SOFT,19.0,3.0,13.0,1
2022,Bahrain,MSC,Haas F1 Team,53.0,0 days 00:01:38.537000,SOFT,20.0,3.0,13.0,1
2022,Bahrain,MSC,Haas F1 Team,54.0,0 days 00:01:38.747000,SOFT,21.0,3.0,12.0,1
2022,Bahrain,MSC,Haas F1 Team,55.0,0 days 00:01:39.201000,SOFT,22.0,3.0,12.0,1
2022,Bahrain,MSC,Haas F1 Team,56.0,0 days 00:01:39.090000,SOFT,23.0,3.0,12.0,12
2022,Bahrain,MSC,Haas F1 Team,57.0,0 days 00:01:40.498000,SOFT,24.0,3.0,11.0,2
2022,Bahrain,SAI,Ferrari,1.0,0 days 00:01:41.006000,SOFT,4.0,1.0,3.0,1
2022,Bahrain,SAI,Ferrari,2.0,0 days 00:01:38.649000,SOFT,5.0,1.0,3.0,1
2022,Bahrain,SAI,Ferrari,3.0,0 days 00:01:39.049000,SOFT,6.0,1.0,3.0,1
2022,Bahrain,SAI,Ferrari,4.0,0 days 00:01:38.923000,SOFT,7.0,1.0,3.0,1
2022,Bahrain,SAI,Ferrari,5.0,0 days 00:01:39.101000,SOFT,8.0,1.0,3.0,1
2022,Bahrain,SAI,Ferrari,6.0,0 days 00:01:39.594000,SOFT,9.0,1.0,3.0,1
2022,Bahrain,SAI,Ferrari,7.0,0 days 00:01:39.588000,SOFT,10.0,1.0,3.0,1
2022,Bahrain,SAI,Ferrari,8.0,0 days 00:01:39.275000,SOFT,11.0,1.0,3.0,1
2022,Bahrain,SAI,Ferrari,9.0,0 days 00:01:39.424000,SOFT,12.0,1.0,3.0,1
2022,Bahrain,SAI,Ferrari,10.0,0 days 00:01:39.682000,SOFT,13.0,1.0,3.0,1
2022,Bahrain,SAI,Ferrari,11.0,0 days 00:01:39.942000,SOFT,14.0,1.0,3.0,1
2022,Bahrain,SAI,Ferrari,12.0,0 days 00:01:40.097000,SOFT,15.0,1.0,3.0,1
2022,Bahrain,SAI,Ferrari,13.0,0 days 00:01:40.165000,SOFT,16.0,1.0,3.0,1
2022,Bahrain,SAI,Ferrari,14.0,0 days 00:01:43.029000,SOFT,17.0,1.0,4.0,12
2022,Bahrain,SAI,Ferrari,15.0,0 days 00:01:58.327000,SOFT,1.0,2.0,5.0,21
2022,Bahrain,SAI,Ferrari,16.0,0 days 00:01:37.477000,SOFT,2.0,2.0,3.0,1
2022,Bahrain,SAI,Ferrari,17.0,0 days 00:01:37.172000,SOFT,3.0,2.0,3.0,1
2022,Bahrain,SAI,Ferrari,18.0,0 days 00:01:37.561000,SOFT,4.0,2.0,3.0,1
2022,Bahrain,SAI,Ferrari,19.0,0 days 00:01:37.581000,SOFT,5.0,2.0,3.0,1
2022,Bahrain,SAI,Ferrari,20.0,0 days 00:01:38.059000,SOFT,6.0,2.0,3.0,1
2022,Bahrain,SAI,Ferrari,21.0,0 days 00:01:37.721000,SOFT,7.0,2.0,3.0,1
2022,Bahrain,SAI,Ferrari,22.0,0 days 00:01:37.914000,SOFT,8.0,2.0,3.0,1
2022,Bahrain,SAI,Ferrari,23.0,0 days 00:01:38.244000,SOFT,9.0,2.0,3.0,1
2022,Bahrain,SAI,Ferrari,24.0,0 days 00:01:38.242000,SOFT,10.0,2.0,3.0,1
2022,Bahrain,SAI,Ferrari,25.0,0 days 00:01:38.264000,SOFT,11.0,2.0,3.0,1
2022,Bahrain,SAI,Ferrari,26.0,0 days 00:01:38.444000,SOFT,12.0,2.0,3.0,1
2022,Bahrain,SAI,Ferrari,27.0,0 days 00:01:38.846000,SOFT,13.0,2.0,3.0,1
2022,Bahrain,SAI,Ferrari,28.0,0 days 00:01:38.729000,SOFT,14.0,2.0,3.0,1
2022,Bahrain,SAI,Ferrari,29.0,0 days 00:01:38.953000,SOFT,15.0,2.0,3.0,1
2022,Bahrain,SAI,Ferrari,30.0,0 days 00:01:39.004000,SOFT,16.0,2.0,3.0,1
2022,Bahrain,SAI,Ferrari,31.0,0 days 00:01:39.105000,SOFT,17.0,2.0,2.0,1
2022,Bahrain,SAI,Ferrari,32.0,0 days 00:01:39.386000,SOFT,18.0,2.0,1.0,1
2022,Bahrain,SAI,Ferrari,33.0,0 days 00:01:41.915000,SOFT,19.0,2.0,1.0,1
2022,Bahrain,SAI,Ferrari,34.0,0 days 00:01:57.101000,MEDIUM,1.0,3.0,3.0,1
2022,Bahrain,SAI,Ferrari,35.0,0 days 00:01:36.454000,MEDIUM,2.0,3.0,3.0,1
2022,Bahrain,SAI,Ferrari,36.0,0 days 00:01:36.600000,MEDIUM,3.0,3.0,3.0,1
2022,Bahrain,SAI,Ferrari,37.0,0 days 00:01:36.893000,MEDIUM,4.0,3.0,3.0,1
2022,Bahrain,SAI,Ferrari,38.0,0 days 00:01:37.012000,MEDIUM,5.0,3.0,3.0,1
2022,Bahrain,SAI,Ferrari,39.0,0 days 00:01:37.044000,MEDIUM,6.0,3.0,3.0,1
2022,Bahrain,SAI,Ferrari,40.0,0 days 00:01:37.271000,MEDIUM,7.0,3.0,3.0,1
2022,Bahrain,SAI,Ferrari,41.0,0 days 00:01:36.771000,MEDIUM,8.0,3.0,3.0,1
2022,Bahrain,SAI,Ferrari,42.0,0 days 00:01:37.269000,MEDIUM,9.0,3.0,3.0,1
2022,Bahrain,SAI,Ferrari,43.0,0 days 00:01:37.260000,MEDIUM,10.0,3.0,3.0,1
2022,Bahrain,SAI,Ferrari,44.0,0 days 00:01:39.699000,MEDIUM,11.0,3.0,2.0,1
2022,Bahrain,SAI,Ferrari,45.0,0 days 00:02:03.686000,SOFT,4.0,4.0,3.0,16
2022,Bahrain,SAI,Ferrari,46.0,0 days 00:02:08.331000,SOFT,5.0,4.0,3.0,64
2022,Bahrain,SAI,Ferrari,47.0,0 days 00:02:12.959000,SOFT,6.0,4.0,3.0,4
2022,Bahrain,SAI,Ferrari,48.0,0 days 00:02:15.797000,SOFT,7.0,4.0,3.0,4
2022,Bahrain,SAI,Ferrari,49.0,0 days 00:02:24.765000,SOFT,8.0,4.0,3.0,4
2022,Bahrain,SAI,Ferrari,50.0,0 days 00:02:23.514000,SOFT,9.0,4.0,3.0,41
2022,Bahrain,SAI,Ferrari,51.0,0 days 00:01:35.992000,SOFT,10.0,4.0,3.0,1
2022,Bahrain,SAI,Ferrari,52.0,0 days 00:01:35.740000,SOFT,11.0,4.0,3.0,1
2022,Bahrain,SAI,Ferrari,53.0,0 days 00:01:35.880000,SOFT,12.0,4.0,3.0,1
2022,Bahrain,SAI,Ferrari,54.0,0 days 00:01:36.565000,SOFT,13.0,4.0,2.0,1
2022,Bahrain,SAI,Ferrari,55.0,0 days 00:01:36.075000,SOFT,14.0,4.0,2.0,1
2022,Bahrain,SAI,Ferrari,56.0,0 days 00:01:35.767000,SOFT,15.0,4.0,2.0,1
2022,Bahrain,SAI,Ferrari,57.0,0 days 00:01:36.269000,SOFT,16.0,4.0,2.0,12
2022,Bahrain,LAT,Williams,1.0,0 days 00:01:51.134000,SOFT,1.0,1.0,18.0,1
2022,Bahrain,LAT,Williams,2.0,0 days 00:01:42.298000,SOFT,2.0,1.0,19.0,1
2022,Bahrain,LAT,Williams,3.0,0 days 00:01:41.668000,SOFT,3.0,1.0,19.0,1
2022,Bahrain,LAT,Williams,4.0,0 days 00:01:41.947000,SOFT,4.0,1.0,19.0,1
2022,Bahrain,LAT,Williams,5.0,0 days 00:01:41.678000,SOFT,5.0,1.0,19.0,1
2022,Bahrain,LAT,Williams,6.0,0 days 00:01:42.945000,SOFT,6.0,1.0,20.0,1
2022,Bahrain,LAT,Williams,7.0,0 days 00:01:42.065000,SOFT,7.0,1.0,19.0,1
2022,Bahrain,LAT,Williams,8.0,0 days 00:01:41.931000,SOFT,8.0,1.0,19.0,1
2022,Bahrain,LAT,Williams,9.0,0 days 00:01:42.473000,SOFT,9.0,1.0,19.0,1
2022,Bahrain,LAT,Williams,10.0,0 days 00:01:42.678000,SOFT,10.0,1.0,19.0,1
2022,Bahrain,LAT,Williams,11.0,0 days 00:01:42.822000,SOFT,11.0,1.0,19.0,1
2022,Bahrain,LAT,Williams,12.0,0 days 00:01:43.492000,SOFT,12.0,1.0,19.0,1
2022,Bahrain,LAT,Williams,13.0,0 days 00:01:43.360000,SOFT,13.0,1.0,19.0,1
2022,Bahrain,LAT,Williams,14.0,0 days 00:01:45.315000,SOFT,14.0,1.0,18.0,12
2022,Bahrain,LAT,Williams,15.0,0 days 00:01:58.534000,SOFT,1.0,2.0,20.0,1
2022,Bahrain,LAT,Williams,16.0,0 days 00:01:39.239000,SOFT,2.0,2.0,20.0,1
2022,Bahrain,LAT,Williams,17.0,0 days 00:01:39.655000,SOFT,3.0,2.0,20.0,1
2022,Bahrain,LAT,Williams,18.0,0 days 00:01:40.272000,SOFT,4.0,2.0,19.0,1
2022,Bahrain,LAT,Williams,19.0,0 days 00:01:40.245000,SOFT,5.0,2.0,18.0,1
2022,Bahrain,LAT,Williams,20.0,0 days 00:01:40.489000,SOFT,6.0,2.0,17.0,1
2022,Bahrain,LAT,Williams,21.0,0 days 00:01:41.735000,SOFT,7.0,2.0,18.0,1
2022,Bahrain,LAT,Williams,22.0,0 days 00:01:41.036000,SOFT,8.0,2.0,18.0,1
2022,Bahrain,LAT,Williams,23.0,0 days 00:01:41.284000,SOFT,9.0,2.0,18.0,1
2022,Bahrain,LAT,Williams,24.0,0 days 00:01:41.118000,SOFT,10.0,2.0,18.0,1
2022,Bahrain,LAT,Williams,25.0,0 days 00:01:41.031000,SOFT,11.0,2.0,17.0,1
2022,Bahrain,LAT,Williams,26.0,0 days 00:01:41.161000,SOFT,12.0,2.0,17.0,1
2022,Bahrain,LAT,Williams,27.0,0 days 00:01:41.182000,SOFT,13.0,2.0,17.0,1
2022,Bahrain,LAT,Williams,28.0,0 days 00:01:42.810000,SOFT,14.0,2.0,18.0,1
2022,Bahrain,LAT,Williams,29.0,0 days 00:01:42.572000,SOFT,15.0,2.0,18.0,1
2022,Bahrain,LAT,Williams,30.0,0 days 00:01:42.106000,SOFT,16.0,2.0,18.0,1
2022,Bahrain,LAT,Williams,31.0,0 days 00:01:41.888000,SOFT,17.0,2.0,18.0,1
2022,Bahrain,LAT,Williams,32.0,0 days 00:01:44.577000,SOFT,18.0,2.0,20.0,1
2022,Bahrain,LAT,Williams,33.0,0 days 00:02:03.320000,MEDIUM,1.0,3.0,20.0,1
2022,Bahrain,LAT,Williams,34.0,0 days 00:01:39.285000,MEDIUM,2.0,3.0,20.0,1
2022,Bahrain,LAT,Williams,35.0,0 days 00:01:39.763000,MEDIUM,3.0,3.0,20.0,1
2022,Bahrain,LAT,Williams,36.0,0 days 00:01:39.455000,MEDIUM,4.0,3.0,20.0,1
2022,Bahrain,LAT,Williams,37.0,0 days 00:01:41.384000,MEDIUM,5.0,3.0,20.0,1
2022,Bahrain,LAT,Williams,38.0,0 days 00:01:39.891000,MEDIUM,6.0,3.0,19.0,1
2022,Bahrain,LAT,Williams,39.0,0 days 00:01:40.258000,MEDIUM,7.0,3.0,19.0,1
2022,Bahrain,LAT,Williams,40.0,0 days 00:01:40.219000,MEDIUM,8.0,3.0,19.0,1
2022,Bahrain,LAT,Williams,41.0,0 days 00:01:39.797000,MEDIUM,9.0,3.0,19.0,1
2022,Bahrain,LAT,Williams,42.0,0 days 00:01:39.937000,MEDIUM,10.0,3.0,18.0,1
2022,Bahrain,LAT,Williams,43.0,0 days 00:01:40.899000,MEDIUM,11.0,3.0,19.0,1
2022,Bahrain,LAT,Williams,44.0,0 days 00:01:51.928000,MEDIUM,12.0,3.0,19.0,164
2022,Bahrain,LAT,Williams,45.0,0 days 00:02:11.603000,MEDIUM,13.0,3.0,17.0,4
2022,Bahrain,LAT,Williams,46.0,0 days 00:02:18.301000,SOFT,4.0,4.0,18.0,4
2022,Bahrain,LAT,Williams,47.0,0 days 00:02:00.201000,SOFT,5.0,4.0,18.0,4
2022,Bahrain,LAT,Williams,48.0,0 days 00:01:53.396000,SOFT,6.0,4.0,18.0,4
2022,Bahrain,LAT,Williams,49.0,0 days 00:01:38.651000,SOFT,7.0,4.0,18.0,4
2022,Bahrain,LAT,Williams,50.0,0 days 00:01:38.335000,SOFT,8.0,4.0,18.0,41
2022,Bahrain,LAT,Williams,51.0,0 days 00:01:38.251000,SOFT,9.0,4.0,18.0,1
2022,Bahrain,LAT,Williams,52.0,0 days 00:01:38.466000,SOFT,10.0,4.0,18.0,1
2022,Bahrain,LAT,Williams,53.0,0 days 00:01:38.452000,SOFT,11.0,4.0,18.0,1
2022,Bahrain,LAT,Williams,54.0,0 days 00:01:38.707000,SOFT,12.0,4.0,18.0,1
2022,Bahrain,LAT,Williams,55.0,0 days 00:01:39.119000,SOFT,13.0,4.0,17.0,1
2022,Bahrain,LAT,Williams,56.0,0 days 00:01:39.145000,SOFT,14.0,4.0,17.0,12
2022,Bahrain,LAT,Williams,57.0,0 days 00:01:39.876000,SOFT,15.0,4.0,16.0,2
2022,Bahrain,RUS,Mercedes,1.0,0 days 00:01:43.445000,SOFT,4.0,1.0,7.0,1
2022,Bahrain,RUS,Mercedes,2.0,0 days 00:01:39.694000,SOFT,5.0,1.0,7.0,1
2022,Bahrain,RUS,Mercedes,3.0,0 days 00:01:39.725000,SOFT,6.0,1.0,7.0,1
2022,Bahrain,RUS,Mercedes,4.0,0 days 00:01:39.772000,SOFT,7.0,1.0,7.0,1
2022,Bahrain,RUS,Mercedes,5.0,0 days 00:01:39.041000,SOFT,8.0,1.0,6.0,1
2022,Bahrain,RUS,Mercedes,6.0,0 days 00:01:39.605000,SOFT,9.0,1.0,6.0,1
2022,Bahrain,RUS,Mercedes,7.0,0 days 00:01:39.934000,SOFT,10.0,1.0,6.0,1
2022,Bahrain,RUS,Mercedes,8.0,0 days 00:01:39.729000,SOFT,11.0,1.0,6.0,1
2022,Bahrain,RUS,Mercedes,9.0,0 days 00:01:40.158000,SOFT,12.0,1.0,6.0,1
2022,Bahrain,RUS,Mercedes,10.0,0 days 00:01:40.236000,SOFT,13.0,1.0,6.0,1
2022,Bahrain,RUS,Mercedes,11.0,0 days 00:01:40.358000,SOFT,14.0,1.0,6.0,1
2022,Bahrain,RUS,Mercedes,12.0,0 days 00:01:40.215000,SOFT,15.0,1.0,5.0,1
2022,Bahrain,RUS,Mercedes,13.0,0 days 00:01:40.448000,SOFT,16.0,1.0,5.0,1
2022,Bahrain,RUS,Mercedes,14.0,0 days 00:01:40.409000,SOFT,17.0,1.0,5.0,12
2022,Bahrain,RUS,Mercedes,15.0,0 days 00:01:43.097000,SOFT,18.0,1.0,3.0,21
2022,Bahrain,RUS,Mercedes,16.0,0 days 00:02:02.370000,HARD,2.0,2.0,6.0,1
2022,Bahrain,RUS,Mercedes,17.0,0 days 00:01:38.089000,HARD,3.0,2.0,6.0,1
2022,Bahrain,RUS,Mercedes,18.0,0 days 00:01:38.114000,HARD,4.0,2.0,6.0,1
2022,Bahrain,RUS,Mercedes,19.0,0 days 00:01:38.307000,HARD,5.0,2.0,6.0,1
2022,Bahrain,RUS,Mercedes,20.0,0 days 00:01:38.148000,HARD,6.0,2.0,6.0,1
2022,Bahrain,RUS,Mercedes,21.0,0 days 00:01:38.633000,HARD,7.0,2.0,6.0,1
2022,Bahrain,RUS,Mercedes,22.0,0 days 00:01:38.567000,HARD,8.0,2.0,6.0,1
2022,Bahrain,RUS,Mercedes,23.0,0 days 00:01:38.896000,HARD,9.0,2.0,6.0,1
2022,Bahrain,RUS,Mercedes,24.0,0 days 00:01:39.286000,HARD,10.0,2.0,6.0,1
2022,Bahrain,RUS,Mercedes,25.0,0 days 00:01:39.165000,HARD,11.0,2.0,6.0,1
2022,Bahrain,RUS,Mercedes,26.0,0 days 00:01:39.306000,HARD,12.0,2.0,6.0,1
2022,Bahrain,RUS,Mercedes,27.0,0 days 00:01:39.096000,HARD,13.0,2.0,6.0,1
2022,Bahrain,RUS,Mercedes,28.0,0 days 00:01:39.297000,HARD,14.0,2.0,5.0,1
2022,Bahrain,RUS,Mercedes,29.0,0 days 00:01:39.274000,HARD,15.0,2.0,5.0,1
2022,Bahrain,RUS,Mercedes,30.0,0 days 00:01:39.454000,HARD,16.0,2.0,5.0,1
2022,Bahrain,RUS,Mercedes,31.0,0 days 00:01:39.438000,HARD,17.0,2.0,5.0,1
2022,Bahrain,RUS,Mercedes,32.0,0 days 00:01:39.738000,HARD,18.0,2.0,5.0,1
2022,Bahrain,RUS,Mercedes,33.0,0 days 00:01:41.830000,HARD,19.0,2.0,5.0,1
2022,Bahrain,RUS,Mercedes,34.0,0 days 00:01:59.638000,MEDIUM,1.0,3.0,7.0,1
2022,Bahrain,RUS,Mercedes,35.0,0 days 00:01:37.216000,MEDIUM,2.0,3.0,6.0,1
2022,Bahrain,RUS,Mercedes,36.0,0 days 00:01:37.527000,MEDIUM,3.0,3.0,6.0,1
2022,Bahrain,RUS,Mercedes,37.0,0 days 00:01:37.753000,MEDIUM,4.0,3.0,6.0,1
2022,Bahrain,RUS,Mercedes,38.0,0 days 00:01:37.792000,MEDIUM,5.0,3.0,6.0,1
2022,Bahrain,RUS,Mercedes,39.0,0 days 00:01:37.721000,MEDIUM,6.0,3.0,6.0,1
2022,Bahrain,RUS,Mercedes,40.0,0 days 00:01:37.790000,MEDIUM,7.0,3.0,6.0,1
2022,Bahrain,RUS,Mercedes,41.0,0 days 00:01:37.783000,MEDIUM,8.0,3.0,6.0,1
2022,Bahrain,RUS,Mercedes,42.0,0 days 00:01:38.111000,MEDIUM,9.0,3.0,6.0,1
2022,Bahrain,RUS,Mercedes,43.0,0 days 00:01:38.747000,MEDIUM,10.0,3.0,6.0,1
2022,Bahrain,RUS,Mercedes,44.0,0 days 00:01:38.297000,MEDIUM,11.0,3.0,6.0,1
2022,Bahrain,RUS,Mercedes,45.0,0 days 00:01:48.988000,MEDIUM,12.0,3.0,5.0,164
2022,Bahrain,RUS,Mercedes,46.0,,SOFT,3.0,4.0,6.0,4
2022,Bahrain,RUS,Mercedes,47.0,0 days 00:02:00.695000,SOFT,4.0,4.0,6.0,4
2022,Bahrain,RUS,Mercedes,48.0,0 days 00:02:00.209000,SOFT,5.0,4.0,6.0,4
2022,Bahrain,RUS,Mercedes,49.0,0 days 00:02:18.375000,SOFT,6.0,4.0,6.0,4
2022,Bahrain,RUS,Mercedes,50.0,0 days 00:02:18.204000,SOFT,7.0,4.0,6.0,41
2022,Bahrain,RUS,Mercedes,51.0,0 days 00:01:36.940000,SOFT,8.0,4.0,6.0,1
2022,Bahrain,RUS,Mercedes,52.0,0 days 00:01:36.529000,SOFT,9.0,4.0,6.0,1
2022,Bahrain,RUS,Mercedes,53.0,0 days 00:01:36.367000,SOFT,10.0,4.0,6.0,1
2022,Bahrain,RUS,Mercedes,54.0,0 days 00:01:36.592000,SOFT,11.0,4.0,5.0,1
2022,Bahrain,RUS,Mercedes,55.0,0 days 00:01:36.395000,SOFT,12.0,4.0,5.0,1
2022,Bahrain,RUS,Mercedes,56.0,0 days 00:01:36.302000,SOFT,13.0,4.0,5.0,1
2022,Bahrain,RUS,Mercedes,57.0,0 days 00:01:37.401000,SOFT,14.0,4.0,4.0,12
2022,Bahrain,BOT,Alfa Romeo,1.0,0 days 00:01:49.195000,SOFT,4.0,1.0,14.0,1
2022,Bahrain,BOT,Alfa Romeo,2.0,0 days 00:01:40.817000,SOFT,5.0,1.0,14.0,1
2022,Bahrain,BOT,Alfa Romeo,3.0,0 days 00:01:40.732000,SOFT,6.0,1.0,14.0,1
2022,Bahrain,BOT,Alfa Romeo,4.0,0 days 00:01:41.127000,SOFT,7.0,1.0,14.0,1
2022,Bahrain,BOT,Alfa Romeo,5.0,0 days 00:01:41.817000,SOFT,8.0,1.0,14.0,1
2022,Bahrain,BOT,Alfa Romeo,6.0,0 days 00:01:41.003000,SOFT,9.0,1.0,13.0,1
2022,Bahrain,BOT,Alfa Romeo,7.0,0 days 00:01:41.287000,SOFT,10.0,1.0,13.0,1
2022,Bahrain,BOT,Alfa Romeo,8.0,0 days 00:01:41.606000,SOFT,11.0,1.0,12.0,1
2022,Bahrain,BOT,Alfa Romeo,9.0,0 days 00:01:40.586000,SOFT,12.0,1.0,12.0,1
2022,Bahrain,BOT,Alfa Romeo,10.0,0 days 00:01:40.788000,SOFT,13.0,1.0,12.0,1
2022,Bahrain,BOT,Alfa Romeo,11.0,0 days 00:01:41.075000,SOFT,14.0,1.0,12.0,1
2022,Bahrain,BOT,Alfa Romeo,12.0,0 days 00:01:41.073000,SOFT,15.0,1.0,10.0,1
2022,Bahrain,BOT,Alfa Romeo,13.0,0 days 00:01:41.291000,SOFT,16.0,1.0,10.0,1
2022,Bahrain,BOT,Alfa Romeo,14.0,0 days 00:01:43.736000,SOFT,17.0,1.0,11.0,12
2022,Bahrain,BOT,Alfa Romeo,15.0,0 days 00:02:00.669000,MEDIUM,1.0,2.0,17.0,1
2022,Bahrain,BOT,Alfa Romeo,16.0,0 days 00:01:40.259000,MEDIUM,2.0,2.0,16.0,1
2022,Bahrain,BOT,Alfa Romeo,17.0,0 days 00:01:40.103000,MEDIUM,3.0,2.0,13.0,1
2022,Bahrain,BOT,Alfa Romeo,18.0,0 days 00:01:38.901000,MEDIUM,4.0,2.0,13.0,1
2022,Bahrain,BOT,Alfa Romeo,19.0,0 days 00:01:38.831000,MEDIUM,5.0,2.0,12.0,1
2022,Bahrain,BOT,Alfa Romeo,20.0,0 days 00:01:38.960000,MEDIUM,6.0,2.0,12.0,1
2022,Bahrain,BOT,Alfa Romeo,21.0,0 days 00:01:39.279000,MEDIUM,7.0,2.0,12.0,1
2022,Bahrain,BOT,Alfa Romeo,22.0,0 days 00:01:39.774000,MEDIUM,8.0,2.0,12.0,1
2022,Bahrain,BOT,Alfa Romeo,23.0,0 days 00:01:39.339000,MEDIUM,9.0,2.0,12.0,1
2022,Bahrain,BOT,Alfa Romeo,24.0,0 days 00:01:39.650000,MEDIUM,10.0,2.0,12.0,1
2022,Bahrain,BOT,Alfa Romeo,25.0,0 days 00:01:40.341000,MEDIUM,11.0,2.0,12.0,1
2022,Bahrain,BOT,Alfa Romeo,26.0,0 days 00:01:39.777000,MEDIUM,12.0,2.0,11.0,1
2022,Bahrain,BOT,Alfa Romeo,27.0,0 days 00:01:40.338000,MEDIUM,13.0,2.0,11.0,1
2022,Bahrain,BOT,Alfa Romeo,28.0,0 days 00:01:39.880000,MEDIUM,14.0,2.0,11.0,1
2022,Bahrain,BOT,Alfa Romeo,29.0,0 days 00:01:40.641000,MEDIUM,15.0,2.0,10.0,1
2022,Bahrain,BOT,Alfa Romeo,30.0,0 days 00:01:39.268000,MEDIUM,16.0,2.0,10.0,1
2022,Bahrain,BOT,Alfa Romeo,31.0,0 days 00:01:39.806000,MEDIUM,17.0,2.0,9.0,1
2022,Bahrain,BOT,Alfa Romeo,32.0,0 days 00:01:39.650000,MEDIUM,18.0,2.0,9.0,1
2022,Bahrain,BOT,Alfa Romeo,33.0,0 days 00:01:39.815000,MEDIUM,19.0,2.0,8.0,1
2022,Bahrain,BOT,Alfa Romeo,34.0,0 days 00:01:39.739000,MEDIUM,20.0,2.0,8.0,1
2022,Bahrain,BOT,Alfa Romeo,35.0,0 days 00:01:39.619000,MEDIUM,21.0,2.0,7.0,1
2022,Bahrain,BOT,Alfa Romeo,36.0,0 days 00:01:42.299000,MEDIUM,22.0,2.0,7.0,1
2022,Bahrain,BOT,Alfa Romeo,37.0,0 days 00:01:58.899000,MEDIUM,1.0,3.0,13.0,1
2022,Bahrain,BOT,Alfa Romeo,38.0,0 days 00:01:36.641000,MEDIUM,2.0,3.0,12.0,1
2022,Bahrain,BOT,Alfa Romeo,39.0,0 days 00:01:37.067000,MEDIUM,3.0,3.0,12.0,1
2022,Bahrain,BOT,Alfa Romeo,40.0,0 days 00:01:37.497000,MEDIUM,4.0,3.0,12.0,1
2022,Bahrain,BOT,Alfa Romeo,41.0,0 days 00:01:37.687000,MEDIUM,5.0,3.0,12.0,1
2022,Bahrain,BOT,Alfa Romeo,42.0,0 days 00:01:37.498000,MEDIUM,6.0,3.0,11.0,1
2022,Bahrain,BOT,Alfa Romeo,43.0,0 days 00:01:38.681000,MEDIUM,7.0,3.0,11.0,1
2022,Bahrain,BOT,Alfa Romeo,44.0,0 days 00:01:38.386000,MEDIUM,8.0,3.0,9.0,1
2022,Bahrain,BOT,Alfa Romeo,45.0,0 days 00:02:01.176000,MEDIUM,9.0,3.0,8.0,164
2022,Bahrain,BOT,Alfa Romeo,46.0,0 days 00:02:28.768000,SOFT,3.0,4.0,8.0,4
2022,Bahrain,BOT,Alfa Romeo,47.0,0 days 00:01:46.020000,SOFT,4.0,4.0,8.0,4
2022,Bahrain,BOT,Alfa Romeo,48.0,0 days 00:01:45.024000,SOFT,5.0,4.0,8.0,4
2022,Bahrain,BOT,Alfa Romeo,49.0,0 days 00:02:06.323000,SOFT,6.0,4.0,8.0,4
2022,Bahrain,BOT,Alfa Romeo,50.0,0 days 00:02:16.411000,SOFT,7.0,4.0,8.0,41
2022,Bahrain,BOT,Alfa Romeo,51.0,0 days 00:01:37.589000,SOFT,8.0,4.0,8.0,1
2022,Bahrain,BOT,Alfa Romeo,52.0,0 days 00:01:37.060000,SOFT,9.0,4.0,8.0,1
2022,Bahrain,BOT,Alfa Romeo,53.0,0 days 00:01:36.599000,SOFT,10.0,4.0,8.0,1
2022,Bahrain,BOT,Alfa Romeo,54.0,0 days 00:01:36.959000,SOFT,11.0,4.0,7.0,1
2022,Bahrain,BOT,Alfa Romeo,55.0,0 days 00:01:37.217000,SOFT,12.0,4.0,7.0,1
2022,Bahrain,BOT,Alfa Romeo,56.0,0 days 00:01:37.260000,SOFT,13.0,4.0,7.0,1
2022,Bahrain,BOT,Alfa Romeo,57.0,0 days 00:01:37.870000,SOFT,14.0,4.0,6.0,12
