Driver,Team,LapNumber,LapTime,Compound,TyreLife,Stint,Position,TrackStatus
VER,Red Bull Racing,1.0,0 days 00:01:49.827000,HARD,1.0,1.0,10.0,12
VER,Red Bull Racing,2.0,0 days 00:01:41.596000,HARD,2.0,1.0,9.0,12
VER,Red Bull Racing,3.0,0 days 00:01:41.510000,HARD,3.0,1.0,9.0,1
VER,Red Bull Racing,4.0,0 days 00:01:41.143000,HARD,4.0,1.0,9.0,1
VER,Red Bull Racing,5.0,0 days 00:01:41.308000,HARD,5.0,1.0,9.0,1
VER,Red Bull Racing,6.0,0 days 00:01:41.313000,HARD,6.0,1.0,8.0,1
VER,Red Bull Racing,7.0,0 days 00:01:40.423000,HARD,7.0,1.0,8.0,1
VER,Red Bull Racing,8.0,0 days 00:01:40.177000,HARD,8.0,1.0,8.0,1
VER,Red Bull Racing,9.0,0 days 00:01:40.264000,HARD,9.0,1.0,8.0,1
VER,Red Bull Racing,10.0,0 days 00:01:40.408000,HARD,10.0,1.0,8.0,1
VER,Red Bull Racing,11.0,0 days 00:01:40.423000,HARD,11.0,1.0,8.0,1
VER,Red Bull Racing,12.0,0 days 00:01:40.602000,HARD,12.0,1.0,8.0,1
VER,Red Bull Racing,13.0,0 days 00:01:40.693000,HARD,13.0,1.0,8.0,1
VER,Red Bull Racing,14.0,0 days 00:01:40.633000,HARD,14.0,1.0,8.0,1
VER,Red Bull Racing,15.0,0 days 00:01:40.206000,HARD,15.0,1.0,8.0,1
VER,Red Bull Racing,16.0,0 days 00:01:40.390000,HARD,16.0,1.0,8.0,1
VER,Red Bull Racing,17.0,0 days 00:01:40.481000,HARD,17.0,1.0,8.0,1
VER,Red Bull Racing,18.0,0 days 00:01:40.464000,HARD,18.0,1.0,8.0,1
VER,Red Bull Racing,19.0,0 days 00:01:40.746000,HARD,19.0,1.0,8.0,12
VER,Red Bull Racing,20.0,0 days 00:01:58.294000,HARD,20.0,1.0,6.0,14
VER,Red Bull Racing,21.0,,HARD,21.0,1.0,2.0,4
VER,Red Bull Racing,22.0,0 days 00:02:29.966000,HARD,22.0,1.0,2.0,41
VER,Red Bull Racing,23.0,0 days 00:01:43.346000,HARD,23.0,1.0,3.0,1
VER,Red Bull Racing,24.0,0 days 00:01:41.971000,HARD,24.0,1.0,4.0,1
VER,Red Bull Racing,25.0,0 days 00:01:40.700000,HARD,25.0,1.0,4.0,1
VER,Red Bull Racing,26.0,0 days 00:01:40.244000,HARD,26.0,1.0,4.0,1
VER,Red Bull Racing,27.0,0 days 00:01:41.180000,HARD,27.0,1.0,5.0,1
VER,Red Bull Racing,28.0,0 days 00:01:41.431000,HARD,28.0,1.0,6.0,1
VER,Red Bull Racing,29.0,0 days 00:01:40.437000,HARD,29.0,1.0,6.0,1
VER,Red Bull Racing,30.0,0 days 00:01:40.326000,HARD,30.0,1.0,6.0,1
VER,Red Bull Racing,31.0,0 days 00:01:40.247000,HARD,31.0,1.0,6.0,1
VER,Red Bull Racing,32.0,0 days 00:01:40.033000,HARD,32.0,1.0,6.0,1
VER,Red Bull Racing,33.0,0 days 00:01:40.087000,HARD,33.0,1.0,6.0,1
VER,Red Bull Racing,34.0,0 days 00:01:40.378000,HARD,34.0,1.0,6.0,1
VER,Red Bull Racing,35.0,0 days 00:01:40.266000,HARD,35.0,1.0,6.0,1
VER,Red Bull Racing,36.0,0 days 00:01:40.372000,HARD,36.0,1.0,6.0,1
VER,Red Bull Racing,37.0,0 days 00:01:40.224000,HARD,37.0,1.0,6.0,1
VER,Red Bull Racing,38.0,0 days 00:01:40.610000,HARD,38.0,1.0,6.0,1
VER,Red Bull Racing,39.0,0 days 00:01:41.173000,HARD,39.0,1.0,6.0,1
VER,Red Bull Racing,40.0,0 days 00:01:48.808000,HARD,40.0,1.0,6.0,1
VER,Red Bull Racing,41.0,0 days 00:01:59.248000,MEDIUM,1.0,2.0,15.0,1
VER,Red Bull Racing,42.0,0 days 00:01:37.713000,MEDIUM,2.0,2.0,15.0,1
VER,Red Bull Racing,43.0,0 days 00:01:56.357000,MEDIUM,3.0,2.0,13.0,126
VER,Red Bull Racing,44.0,0 days 00:02:17.522000,MEDIUM,4.0,2.0,12.0,6
VER,Red Bull Racing,45.0,0 days 00:01:44.939000,MEDIUM,5.0,2.0,11.0,671
VER,Red Bull Racing,46.0,0 days 00:01:37.570000,MEDIUM,6.0,2.0,11.0,1
VER,Red Bull Racing,47.0,0 days 00:01:38.090000,MEDIUM,7.0,2.0,10.0,12
VER,Red Bull Racing,48.0,0 days 00:01:38.333000,MEDIUM,8.0,2.0,9.0,1
VER,Red Bull Racing,49.0,0 days 00:01:37.085000,MEDIUM,9.0,2.0,9.0,1
VER,Red Bull Racing,50.0,0 days 00:01:39.006000,MEDIUM,10.0,2.0,8.0,1
VER,Red Bull Racing,51.0,0 days 00:01:37.144000,MEDIUM,11.0,2.0,8.0,1
VER,Red Bull Racing,52.0,0 days 00:01:36.835000,MEDIUM,12.0,2.0,8.0,1
VER,Red Bull Racing,53.0,0 days 00:01:37.132000,MEDIUM,13.0,2.0,8.0,12
VER,Red Bull Racing,54.0,0 days 00:01:38.196000,MEDIUM,14.0,2.0,7.0,1
VER,Red Bull Racing,55.0,0 days 00:01:36.899000,MEDIUM,15.0,2.0,7.0,1
VER,Red Bull Racing,56.0,0 days 00:01:37.519000,MEDIUM,16.0,2.0,7.0,1
VER,Red Bull Racing,57.0,0 days 00:01:39.299000,MEDIUM,17.0,2.0,6.0,1
VER,Red Bull Racing,58.0,0 days 00:01:36.912000,MEDIUM,18.0,2.0,6.0,12
VER,Red Bull Racing,59.0,0 days 00:01:36.748000,MEDIUM,19.0,2.0,6.0,21
VER,Red Bull Racing,60.0,0 days 00:01:36.758000,MEDIUM,20.0,2.0,6.0,1
VER,Red Bull Racing,61.0,0 days 00:01:36.575000,MEDIUM,21.0,2.0,6.0,1
VER,Red Bull Racing,62.0,0 days 00:01:38.197000,MEDIUM,22.0,2.0,5.0,12
GAS,Alpine,1.0,0 days 00:01:50.115000,MEDIUM,1.0,1.0,11.0,12
GAS,Alpine,2.0,0 days 00:01:42.353000,MEDIUM,2.0,1.0,11.0,12
GAS,Alpine,3.0,0 days 00:01:41.442000,MEDIUM,3.0,1.0,11.0,1
GAS,Alpine,4.0,0 days 00:01:41.334000,MEDIUM,4.0,1.0,11.0,1
GAS,Alpine,5.0,0 days 00:01:41.292000,MEDIUM,5.0,1.0,11.0,1
GAS,Alpine,6.0,0 days 00:01:41.829000,MEDIUM,6.0,1.0,11.0,1
GAS,Alpine,7.0,0 days 00:01:41.399000,MEDIUM,7.0,1.0,11.0,1
GAS,Alpine,8.0,0 days 00:01:40.677000,MEDIUM,8.0,1.0,11.0,1
GAS,Alpine,9.0,0 days 00:01:41.063000,MEDIUM,9.0,1.0,11.0,1
GAS,Alpine,10.0,0 days 00:01:40.378000,MEDIUM,10.0,1.0,11.0,1
GAS,Alpine,11.0,0 days 00:01:40.728000,MEDIUM,11.0,1.0,11.0,1
GAS,Alpine,12.0,0 days 00:01:40.439000,MEDIUM,12.0,1.0,11.0,1
GAS,Alpine,13.0,0 days 00:01:40.829000,MEDIUM,13.0,1.0,11.0,1
GAS,Alpine,14.0,0 days 00:01:40.627000,MEDIUM,14.0,1.0,11.0,1
GAS,Alpine,15.0,0 days 00:01:40.602000,MEDIUM,15.0,1.0,11.0,1
GAS,Alpine,16.0,0 days 00:01:40.929000,MEDIUM,16.0,1.0,11.0,1
GAS,Alpine,17.0,0 days 00:01:40.673000,MEDIUM,17.0,1.0,11.0,1
GAS,Alpine,18.0,0 days 00:01:40.866000,MEDIUM,18.0,1.0,11.0,1
GAS,Alpine,19.0,0 days 00:01:41.061000,MEDIUM,19.0,1.0,11.0,12
GAS,Alpine,20.0,0 days 00:02:08.721000,MEDIUM,20.0,1.0,12.0,14
GAS,Alpine,21.0,,HARD,1.0,2.0,12.0,4
GAS,Alpine,22.0,0 days 00:02:20.730000,HARD,2.0,2.0,12.0,41
GAS,Alpine,23.0,0 days 00:01:43.344000,HARD,3.0,2.0,11.0,1
GAS,Alpine,24.0,0 days 00:01:42.407000,HARD,4.0,2.0,11.0,1
GAS,Alpine,25.0,0 days 00:01:41.048000,HARD,5.0,2.0,11.0,1
GAS,Alpine,26.0,0 days 00:01:40.920000,HARD,6.0,2.0,11.0,1
GAS,Alpine,27.0,0 days 00:01:40.396000,HARD,7.0,2.0,11.0,1
GAS,Alpine,28.0,0 days 00:01:41.536000,HARD,8.0,2.0,11.0,1
GAS,Alpine,29.0,0 days 00:01:41.706000,HARD,9.0,2.0,11.0,1
GAS,Alpine,30.0,0 days 00:01:40.280000,HARD,10.0,2.0,11.0,1
GAS,Alpine,31.0,0 days 00:01:39.974000,HARD,11.0,2.0,11.0,1
GAS,Alpine,32.0,0 days 00:01:40.406000,HARD,12.0,2.0,11.0,1
GAS,Alpine,33.0,0 days 00:01:40.154000,HARD,13.0,2.0,11.0,1
GAS,Alpine,34.0,0 days 00:01:41.321000,HARD,14.0,2.0,11.0,1
GAS,Alpine,35.0,0 days 00:01:42.563000,HARD,15.0,2.0,11.0,1
GAS,Alpine,36.0,0 days 00:01:39.965000,HARD,16.0,2.0,10.0,1
GAS,Alpine,37.0,0 days 00:01:40.508000,HARD,17.0,2.0,10.0,1
GAS,Alpine,38.0,0 days 00:01:41.261000,HARD,18.0,2.0,10.0,1
GAS,Alpine,39.0,0 days 00:01:42.860000,HARD,19.0,2.0,9.0,1
GAS,Alpine,40.0,0 days 00:01:39.885000,HARD,20.0,2.0,9.0,1
GAS,Alpine,41.0,0 days 00:01:39.934000,HARD,21.0,2.0,8.0,1
GAS,Alpine,42.0,0 days 00:01:39.835000,HARD,22.0,2.0,8.0,1
GAS,Alpine,43.0,0 days 00:01:50.491000,HARD,23.0,2.0,7.0,126
GAS,Alpine,44.0,0 days 00:02:17.976000,HARD,24.0,2.0,6.0,6
GAS,Alpine,45.0,0 days 00:01:51.238000,HARD,25.0,2.0,6.0,671
GAS,Alpine,46.0,0 days 00:01:38.277000,HARD,26.0,2.0,6.0,1
GAS,Alpine,47.0,0 days 00:01:38.568000,HARD,27.0,2.0,6.0,12
GAS,Alpine,48.0,0 days 00:01:38.548000,HARD,28.0,2.0,6.0,1
GAS,Alpine,49.0,0 days 00:01:38.634000,HARD,29.0,2.0,6.0,1
GAS,Alpine,50.0,0 days 00:01:38.688000,HARD,30.0,2.0,6.0,1
GAS,Alpine,51.0,0 days 00:01:38.525000,HARD,31.0,2.0,6.0,1
GAS,Alpine,52.0,0 days 00:01:38.755000,HARD,32.0,2.0,6.0,1
GAS,Alpine,53.0,0 days 00:01:38.718000,HARD,33.0,2.0,6.0,12
GAS,Alpine,54.0,0 days 00:01:38.844000,HARD,34.0,2.0,6.0,1
GAS,Alpine,55.0,0 days 00:01:39.373000,HARD,35.0,2.0,6.0,1
GAS,Alpine,56.0,0 days 00:01:39.292000,HARD,36.0,2.0,6.0,1
GAS,Alpine,57.0,0 days 00:01:40.874000,HARD,37.0,2.0,7.0,1
GAS,Alpine,58.0,0 days 00:01:39.658000,HARD,38.0,2.0,7.0,12
GAS,Alpine,59.0,0 days 00:01:39.709000,HARD,39.0,2.0,7.0,21
GAS,Alpine,60.0,0 days 00:01:39.620000,HARD,40.0,2.0,7.0,1
GAS,Alpine,61.0,0 days 00:01:39.711000,HARD,41.0,2.0,7.0,1
GAS,Alpine,62.0,0 days 00:01:42.273000,HARD,42.0,2.0,6.0,12
PER,Red Bull Racing,1.0,0 days 00:01:51.589000,HARD,1.0,1.0,13.0,12
PER,Red Bull Racing,2.0,0 days 00:01:42.009000,HARD,2.0,1.0,13.0,12
PER,Red Bull Racing,3.0,0 days 00:01:41.622000,HARD,3.0,1.0,13.0,1
PER,Red Bull Racing,4.0,0 days 00:01:41.354000,HARD,4.0,1.0,13.0,1
PER,Red Bull Racing,5.0,0 days 00:01:41.331000,HARD,5.0,1.0,13.0,1
PER,Red Bull Racing,6.0,0 days 00:01:43.147000,HARD,6.0,1.0,13.0,1
PER,Red Bull Racing,7.0,0 days 00:01:41.353000,HARD,7.0,1.0,13.0,1
PER,Red Bull Racing,8.0,0 days 00:01:40.556000,HARD,8.0,1.0,13.0,1
PER,Red Bull Racing,9.0,0 days 00:01:40.694000,HARD,9.0,1.0,13.0,1
PER,Red Bull Racing,10.0,0 days 00:01:40.643000,HARD,10.0,1.0,13.0,1
PER,Red Bull Racing,11.0,0 days 00:01:40.693000,HARD,11.0,1.0,13.0,1
PER,Red Bull Racing,12.0,0 days 00:01:40.715000,HARD,12.0,1.0,13.0,1
PER,Red Bull Racing,13.0,0 days 00:01:40.843000,HARD,13.0,1.0,13.0,1
PER,Red Bull Racing,14.0,0 days 00:01:40.314000,HARD,14.0,1.0,13.0,1
PER,Red Bull Racing,15.0,0 days 00:01:40.538000,HARD,15.0,1.0,13.0,1
PER,Red Bull Racing,16.0,0 days 00:01:40.688000,HARD,16.0,1.0,13.0,1
PER,Red Bull Racing,17.0,0 days 00:01:40.987000,HARD,17.0,1.0,13.0,1
PER,Red Bull Racing,18.0,0 days 00:01:41.077000,HARD,18.0,1.0,13.0,1
PER,Red Bull Racing,19.0,0 days 00:01:41.404000,HARD,19.0,1.0,13.0,12
PER,Red Bull Racing,20.0,0 days 00:02:01.114000,HARD,20.0,1.0,9.0,14
PER,Red Bull Racing,21.0,,HARD,21.0,1.0,4.0,4
PER,Red Bull Racing,22.0,0 days 00:02:28.562000,HARD,22.0,1.0,4.0,41
PER,Red Bull Racing,23.0,0 days 00:01:44.195000,HARD,23.0,1.0,5.0,1
PER,Red Bull Racing,24.0,0 days 00:01:42.735000,HARD,24.0,1.0,6.0,1
PER,Red Bull Racing,25.0,0 days 00:01:41.532000,HARD,25.0,1.0,7.0,1
PER,Red Bull Racing,26.0,0 days 00:01:40.595000,HARD,26.0,1.0,7.0,1
PER,Red Bull Racing,27.0,0 days 00:01:40.500000,HARD,27.0,1.0,7.0,1
PER,Red Bull Racing,28.0,0 days 00:01:41.833000,HARD,28.0,1.0,7.0,1
PER,Red Bull Racing,29.0,0 days 00:01:40.290000,HARD,29.0,1.0,7.0,1
PER,Red Bull Racing,30.0,0 days 00:01:40.319000,HARD,30.0,1.0,7.0,1
PER,Red Bull Racing,31.0,0 days 00:01:40.205000,HARD,31.0,1.0,7.0,1
PER,Red Bull Racing,32.0,0 days 00:01:40.254000,HARD,32.0,1.0,7.0,1
PER,Red Bull Racing,33.0,0 days 00:01:40.355000,HARD,33.0,1.0,7.0,1
PER,Red Bull Racing,34.0,0 days 00:01:40.822000,HARD,34.0,1.0,7.0,1
PER,Red Bull Racing,35.0,0 days 00:01:40.326000,HARD,35.0,1.0,7.0,1
PER,Red Bull Racing,36.0,0 days 00:01:41.489000,HARD,36.0,1.0,7.0,1
PER,Red Bull Racing,37.0,0 days 00:01:43.171000,HARD,37.0,1.0,7.0,1
PER,Red Bull Racing,38.0,0 days 00:01:41.321000,HARD,38.0,1.0,7.0,1
PER,Red Bull Racing,39.0,0 days 00:01:53.087000,HARD,39.0,1.0,15.0,1
PER,Red Bull Racing,40.0,0 days 00:01:59.337000,MEDIUM,1.0,2.0,18.0,1
PER,Red Bull Racing,41.0,0 days 00:01:38.551000,MEDIUM,2.0,2.0,17.0,1
PER,Red Bull Racing,42.0,0 days 00:01:38.709000,MEDIUM,3.0,2.0,17.0,12
PER,Red Bull Racing,43.0,0 days 00:02:00.690000,MEDIUM,4.0,2.0,15.0,26
PER,Red Bull Racing,44.0,0 days 00:02:17.392000,MEDIUM,5.0,2.0,14.0,67
PER,Red Bull Racing,45.0,0 days 00:01:40.229000,MEDIUM,6.0,2.0,13.0,71
PER,Red Bull Racing,46.0,0 days 00:01:37.541000,MEDIUM,7.0,2.0,13.0,12
PER,Red Bull Racing,47.0,0 days 00:01:38.235000,MEDIUM,8.0,2.0,13.0,21
PER,Red Bull Racing,48.0,0 days 00:01:38.351000,MEDIUM,9.0,2.0,13.0,1
PER,Red Bull Racing,49.0,0 days 00:01:38.010000,MEDIUM,10.0,2.0,13.0,1
PER,Red Bull Racing,50.0,0 days 00:01:37.799000,MEDIUM,11.0,2.0,13.0,1
PER,Red Bull Racing,51.0,0 days 00:01:38.116000,MEDIUM,12.0,2.0,13.0,1
PER,Red Bull Racing,52.0,0 days 00:01:39.858000,MEDIUM,13.0,2.0,12.0,12
PER,Red Bull Racing,53.0,0 days 00:01:39.320000,MEDIUM,14.0,2.0,11.0,21
PER,Red Bull Racing,54.0,0 days 00:01:38.386000,MEDIUM,15.0,2.0,11.0,1
PER,Red Bull Racing,55.0,0 days 00:01:37.746000,MEDIUM,16.0,2.0,11.0,1
PER,Red Bull Racing,56.0,0 days 00:01:38.016000,MEDIUM,17.0,2.0,11.0,1
PER,Red Bull Racing,57.0,0 days 00:01:41.365000,MEDIUM,18.0,2.0,11.0,1
PER,Red Bull Racing,58.0,0 days 00:01:40.912000,MEDIUM,19.0,2.0,10.0,12
PER,Red Bull Racing,59.0,0 days 00:01:42.042000,MEDIUM,20.0,2.0,10.0,1
PER,Red Bull Racing,60.0,0 days 00:01:39.147000,MEDIUM,21.0,2.0,9.0,1
PER,Red Bull Racing,61.0,0 days 00:01:37.108000,MEDIUM,22.0,2.0,9.0,12
PER,Red Bull Racing,62.0,0 days 00:01:38.189000,MEDIUM,23.0,2.0,8.0,2
ALO,Aston Martin,1.0,0 days 00:01:47.377000,MEDIUM,1.0,1.0,6.0,12
ALO,Aston Martin,2.0,0 days 00:01:42.255000,MEDIUM,2.0,1.0,6.0,12
ALO,Aston Martin,3.0,0 days 00:01:41.349000,MEDIUM,3.0,1.0,6.0,1
ALO,Aston Martin,4.0,0 days 00:01:41.356000,MEDIUM,4.0,1.0,6.0,1
ALO,Aston Martin,5.0,0 days 00:01:41.194000,MEDIUM,5.0,1.0,6.0,1
ALO,Aston Martin,6.0,0 days 00:01:40.686000,MEDIUM,6.0,1.0,6.0,1
ALO,Aston Martin,7.0,0 days 00:01:40.774000,MEDIUM,7.0,1.0,6.0,1
ALO,Aston Martin,8.0,0 days 00:01:40.210000,MEDIUM,8.0,1.0,6.0,1
ALO,Aston Martin,9.0,0 days 00:01:40.422000,MEDIUM,9.0,1.0,6.0,1
ALO,Aston Martin,10.0,0 days 00:01:40.555000,MEDIUM,10.0,1.0,6.0,1
ALO,Aston Martin,11.0,0 days 00:01:40.147000,MEDIUM,11.0,1.0,6.0,1
ALO,Aston Martin,12.0,0 days 00:01:40.383000,MEDIUM,12.0,1.0,6.0,1
ALO,Aston Martin,13.0,0 days 00:01:40.554000,MEDIUM,13.0,1.0,6.0,1
ALO,Aston Martin,14.0,0 days 00:01:40.180000,MEDIUM,14.0,1.0,6.0,1
ALO,Aston Martin,15.0,0 days 00:01:40.095000,MEDIUM,15.0,1.0,6.0,1
ALO,Aston Martin,16.0,0 days 00:01:40.238000,MEDIUM,16.0,1.0,6.0,1
ALO,Aston Martin,17.0,0 days 00:01:40.499000,MEDIUM,17.0,1.0,6.0,1
ALO,Aston Martin,18.0,0 days 00:01:40.316000,MEDIUM,18.0,1.0,6.0,1
ALO,Aston Martin,19.0,0 days 00:01:40.346000,MEDIUM,19.0,1.0,6.0,12
ALO,Aston Martin,20.0,0 days 00:02:04.300000,MEDIUM,20.0,1.0,7.0,14
ALO,Aston Martin,21.0,,HARD,1.0,2.0,8.0,4
ALO,Aston Martin,22.0,0 days 00:02:25.198000,HARD,2.0,2.0,8.0,41
ALO,Aston Martin,23.0,0 days 00:01:43.291000,HARD,3.0,2.0,8.0,1
ALO,Aston Martin,24.0,0 days 00:01:43.137000,HARD,4.0,2.0,8.0,1
ALO,Aston Martin,25.0,0 days 00:01:40.689000,HARD,5.0,2.0,8.0,1
ALO,Aston Martin,26.0,0 days 00:01:40.896000,HARD,6.0,2.0,8.0,1
ALO,Aston Martin,27.0,0 days 00:01:40.185000,HARD,7.0,2.0,8.0,1
ALO,Aston Martin,28.0,0 days 00:01:41.931000,HARD,8.0,2.0,8.0,1
ALO,Aston Martin,29.0,0 days 00:01:41.292000,HARD,9.0,2.0,8.0,1
ALO,Aston Martin,30.0,0 days 00:01:40.128000,HARD,10.0,2.0,8.0,1
ALO,Aston Martin,31.0,0 days 00:01:40.049000,HARD,11.0,2.0,8.0,1
ALO,Aston Martin,32.0,0 days 00:01:40.390000,HARD,12.0,2.0,8.0,1
ALO,Aston Martin,33.0,0 days 00:01:39.636000,HARD,13.0,2.0,8.0,1
ALO,Aston Martin,34.0,0 days 00:01:40.578000,HARD,14.0,2.0,8.0,1
ALO,Aston Martin,35.0,0 days 00:01:40.626000,HARD,15.0,2.0,8.0,1
ALO,Aston Martin,36.0,0 days 00:01:41.265000,HARD,16.0,2.0,8.0,1
ALO,Aston Martin,37.0,0 days 00:01:44.094000,HARD,17.0,2.0,9.0,1
ALO,Aston Martin,38.0,0 days 00:01:41.208000,HARD,18.0,2.0,9.0,1
ALO,Aston Martin,39.0,0 days 00:01:42.062000,HARD,19.0,2.0,8.0,1
ALO,Aston Martin,40.0,0 days 00:01:40.154000,HARD,20.0,2.0,8.0,1
ALO,Aston Martin,41.0,0 days 00:01:40.180000,HARD,21.0,2.0,7.0,1
ALO,Aston Martin,42.0,0 days 00:01:40.146000,HARD,22.0,2.0,7.0,1
ALO,Aston Martin,43.0,0 days 00:01:50.179000,HARD,23.0,2.0,6.0,126
ALO,Aston Martin,44.0,0 days 00:02:24.760000,HARD,24.0,2.0,9.0,6
ALO,Aston Martin,45.0,0 days 00:02:26.081000,SOFT,3.0,3.0,15.0,671
ALO,Aston Martin,46.0,0 days 00:01:53.333000,SOFT,4.0,3.0,17.0,12
ALO,Aston Martin,47.0,0 days 00:01:36.456000,SOFT,5.0,3.0,17.0,1
ALO,Aston Martin,48.0,0 days 00:01:39.790000,SOFT,6.0,3.0,17.0,1
ALO,Aston Martin,49.0,0 days 00:01:38.787000,SOFT,7.0,3.0,17.0,1
ALO,Aston Martin,50.0,0 days 00:01:38.088000,SOFT,8.0,3.0,17.0,1
ALO,Aston Martin,51.0,0 days 00:01:38.463000,SOFT,9.0,3.0,17.0,1
ALO,Aston Martin,52.0,0 days 00:01:37.943000,SOFT,10.0,3.0,16.0,12
ALO,Aston Martin,53.0,0 days 00:01:38.559000,SOFT,11.0,3.0,16.0,1
ALO,Aston Martin,54.0,0 days 00:01:38.179000,SOFT,12.0,3.0,16.0,1
ALO,Aston Martin,55.0,0 days 00:01:38.012000,SOFT,13.0,3.0,16.0,1
ALO,Aston Martin,56.0,0 days 00:01:38.436000,SOFT,14.0,3.0,16.0,1
ALO,Aston Martin,57.0,0 days 00:01:38.303000,SOFT,15.0,3.0,16.0,1
ALO,Aston Martin,58.0,0 days 00:01:38.941000,SOFT,16.0,3.0,16.0,12
ALO,Aston Martin,59.0,0 days 00:01:38.518000,SOFT,17.0,3.0,16.0,1
ALO,Aston Martin,60.0,0 days 00:01:38.728000,SOFT,18.0,3.0,16.0,1
ALO,Aston Martin,61.0,0 days 00:01:41.542000,SOFT,19.0,3.0,16.0,12
ALO,Aston Martin,62.0,0 days 00:01:44.290000,SOFT,20.0,3.0,15.0,2
LEC,Ferrari,1.0,0 days 00:01:44.544000,SOFT,4.0,1.0,2.0,12
LEC,Ferrari,2.0,0 days 00:01:41.338000,SOFT,5.0,1.0,2.0,12
LEC,Ferrari,3.0,0 days 00:01:40.752000,SOFT,6.0,1.0,2.0,1
LEC,Ferrari,4.0,0 days 00:01:40.661000,SOFT,7.0,1.0,2.0,1
LEC,Ferrari,5.0,0 days 00:01:40.328000,SOFT,8.0,1.0,2.0,1
LEC,Ferrari,6.0,0 days 00:01:40.165000,SOFT,9.0,1.0,2.0,1
LEC,Ferrari,7.0,0 days 00:01:40.279000,SOFT,10.0,1.0,2.0,1
LEC,Ferrari,8.0,0 days 00:01:40.396000,SOFT,11.0,1.0,2.0,1
LEC,Ferrari,9.0,0 days 00:01:39.646000,SOFT,12.0,1.0,2.0,1
LEC,Ferrari,10.0,0 days 00:01:40.790000,SOFT,13.0,1.0,2.0,1
LEC,Ferrari,11.0,0 days 00:01:40.403000,SOFT,14.0,1.0,2.0,1
LEC,Ferrari,12.0,0 days 00:01:40.392000,SOFT,15.0,1.0,2.0,1
LEC,Ferrari,13.0,0 days 00:01:40.154000,SOFT,16.0,1.0,2.0,1
LEC,Ferrari,14.0,0 days 00:01:41.622000,SOFT,17.0,1.0,2.0,1
LEC,Ferrari,15.0,0 days 00:01:39.613000,SOFT,18.0,1.0,2.0,1
LEC,Ferrari,16.0,0 days 00:01:39.625000,SOFT,19.0,1.0,2.0,1
LEC,Ferrari,17.0,0 days 00:01:39.800000,SOFT,20.0,1.0,2.0,1
LEC,Ferrari,18.0,0 days 00:01:39.613000,SOFT,21.0,1.0,2.0,1
LEC,Ferrari,19.0,0 days 00:01:40.236000,SOFT,22.0,1.0,2.0,12
LEC,Ferrari,20.0,0 days 00:02:01.624000,SOFT,23.0,1.0,2.0,14
LEC,Ferrari,21.0,,HARD,1.0,2.0,6.0,4
LEC,Ferrari,22.0,0 days 00:02:27.929000,HARD,2.0,2.0,6.0,41
LEC,Ferrari,23.0,0 days 00:01:43.955000,HARD,3.0,2.0,7.0,1
LEC,Ferrari,24.0,0 days 00:01:42.668000,HARD,4.0,2.0,7.0,1
LEC,Ferrari,25.0,0 days 00:01:39.748000,HARD,5.0,2.0,6.0,1
LEC,Ferrari,26.0,0 days 00:01:39.892000,HARD,6.0,2.0,6.0,1
LEC,Ferrari,27.0,0 days 00:01:39.899000,HARD,7.0,2.0,6.0,1
LEC,Ferrari,28.0,0 days 00:01:39.562000,HARD,8.0,2.0,5.0,1
LEC,Ferrari,29.0,0 days 00:01:39.683000,HARD,9.0,2.0,5.0,1
LEC,Ferrari,30.0,0 days 00:01:39.208000,HARD,10.0,2.0,5.0,1
LEC,Ferrari,31.0,0 days 00:01:39.433000,HARD,11.0,2.0,5.0,1
LEC,Ferrari,32.0,0 days 00:01:39.391000,HARD,12.0,2.0,5.0,1
LEC,Ferrari,33.0,0 days 00:01:39.485000,HARD,13.0,2.0,5.0,1
LEC,Ferrari,34.0,0 days 00:01:39.518000,HARD,14.0,2.0,5.0,1
LEC,Ferrari,35.0,0 days 00:01:39.747000,HARD,15.0,2.0,5.0,1
LEC,Ferrari,36.0,0 days 00:01:39.443000,HARD,16.0,2.0,5.0,1
LEC,Ferrari,37.0,0 days 00:01:39.639000,HARD,17.0,2.0,5.0,1
LEC,Ferrari,38.0,0 days 00:01:39.946000,HARD,18.0,2.0,5.0,1
LEC,Ferrari,39.0,0 days 00:01:39.448000,HARD,19.0,2.0,5.0,1
LEC,Ferrari,40.0,0 days 00:01:39.557000,HARD,20.0,2.0,5.0,1
LEC,Ferrari,41.0,0 days 00:01:39.368000,HARD,21.0,2.0,5.0,1
LEC,Ferrari,42.0,0 days 00:01:39.888000,HARD,22.0,2.0,5.0,1
LEC,Ferrari,43.0,0 days 00:01:39.996000,HARD,23.0,2.0,5.0,126
LEC,Ferrari,44.0,0 days 00:02:18.447000,HARD,24.0,2.0,3.0,6
LEC,Ferrari,45.0,0 days 00:02:00.846000,HARD,25.0,2.0,3.0,671
LEC,Ferrari,46.0,0 days 00:01:38.275000,HARD,26.0,2.0,3.0,1
LEC,Ferrari,47.0,0 days 00:01:38.403000,HARD,27.0,2.0,3.0,12
LEC,Ferrari,48.0,0 days 00:01:38.496000,HARD,28.0,2.0,3.0,1
LEC,Ferrari,49.0,0 days 00:01:38.453000,HARD,29.0,2.0,3.0,1
LEC,Ferrari,50.0,0 days 00:01:38.439000,HARD,30.0,2.0,3.0,1
LEC,Ferrari,51.0,0 days 00:01:38.803000,HARD,31.0,2.0,3.0,1
LEC,Ferrari,52.0,0 days 00:01:38.848000,HARD,32.0,2.0,3.0,1
LEC,Ferrari,53.0,0 days 00:01:40.213000,HARD,33.0,2.0,4.0,12
LEC,Ferrari,54.0,0 days 00:01:41.831000,HARD,34.0,2.0,5.0,1
LEC,Ferrari,55.0,0 days 00:01:40.617000,HARD,35.0,2.0,5.0,1
LEC,Ferrari,56.0,0 days 00:01:40.298000,HARD,36.0,2.0,5.0,1
LEC,Ferrari,57.0,0 days 00:01:40.043000,HARD,37.0,2.0,5.0,1
LEC,Ferrari,58.0,0 days 00:01:40.222000,HARD,38.0,2.0,5.0,1
LEC,Ferrari,59.0,0 days 00:01:40.545000,HARD,39.0,2.0,5.0,12
LEC,Ferrari,60.0,0 days 00:01:40.105000,HARD,40.0,2.0,5.0,1
LEC,Ferrari,61.0,0 days 00:01:40.615000,HARD,41.0,2.0,5.0,1
LEC,Ferrari,62.0,0 days 00:01:40.946000,HARD,42.0,2.0,4.0,12
SAR,Williams,1.0,0 days 00:01:54.060000,MEDIUM,1.0,1.0,16.0,12
SAR,Williams,2.0,0 days 00:01:41.983000,MEDIUM,2.0,1.0,16.0,21
SAR,Williams,3.0,0 days 00:01:41.700000,MEDIUM,3.0,1.0,16.0,1
SAR,Williams,4.0,0 days 00:01:41.875000,MEDIUM,4.0,1.0,16.0,1
SAR,Williams,5.0,0 days 00:01:41.264000,MEDIUM,5.0,1.0,16.0,1
SAR,Williams,6.0,0 days 00:01:41.636000,MEDIUM,6.0,1.0,16.0,1
SAR,Williams,7.0,0 days 00:01:42.886000,MEDIUM,7.0,1.0,16.0,1
SAR,Williams,8.0,0 days 00:01:41.683000,MEDIUM,8.0,1.0,16.0,1
SAR,Williams,9.0,0 days 00:01:41.228000,MEDIUM,9.0,1.0,16.0,1
SAR,Williams,10.0,0 days 00:01:40.739000,MEDIUM,10.0,1.0,16.0,1
SAR,Williams,11.0,0 days 00:01:40.711000,MEDIUM,11.0,1.0,16.0,1
SAR,Williams,12.0,0 days 00:01:40.554000,MEDIUM,12.0,1.0,16.0,1
SAR,Williams,13.0,0 days 00:01:40.797000,MEDIUM,13.0,1.0,16.0,1
SAR,Williams,14.0,0 days 00:01:40.983000,MEDIUM,14.0,1.0,16.0,1
SAR,Williams,15.0,0 days 00:01:40.838000,MEDIUM,15.0,1.0,16.0,1
SAR,Williams,16.0,0 days 00:01:40.965000,MEDIUM,16.0,1.0,16.0,1
SAR,Williams,17.0,0 days 00:01:41.113000,MEDIUM,17.0,1.0,16.0,1
SAR,Williams,18.0,0 days 00:01:41.570000,MEDIUM,18.0,1.0,16.0,1
SAR,Williams,19.0,0 days 00:02:29.645000,MEDIUM,19.0,1.0,18.0,124
SAR,Williams,20.0,,HARD,1.0,2.0,18.0,4
SAR,Williams,21.0,0 days 00:02:15.091000,HARD,2.0,2.0,18.0,4
SAR,Williams,22.0,0 days 00:01:40.354000,HARD,3.0,2.0,18.0,41
SAR,Williams,23.0,0 days 00:01:39.856000,HARD,4.0,2.0,18.0,1
SAR,Williams,24.0,0 days 00:01:40.390000,HARD,5.0,2.0,18.0,1
SAR,Williams,25.0,0 days 00:01:40.300000,HARD,6.0,2.0,18.0,1
SAR,Williams,26.0,0 days 00:01:40.338000,HARD,7.0,2.0,18.0,1
SAR,Williams,27.0,0 days 00:01:39.889000,HARD,8.0,2.0,18.0,1
SAR,Williams,28.0,0 days 00:01:39.972000,HARD,9.0,2.0,18.0,1
SAR,Williams,29.0,0 days 00:01:39.748000,HARD,10.0,2.0,18.0,1
SAR,Williams,30.0,0 days 00:01:39.904000,HARD,11.0,2.0,18.0,1
SAR,Williams,31.0,0 days 00:01:39.690000,HARD,12.0,2.0,18.0,1
SAR,Williams,32.0,0 days 00:01:39.807000,HARD,13.0,2.0,18.0,1
SAR,Williams,33.0,0 days 00:01:39.763000,HARD,14.0,2.0,18.0,1
SAR,Williams,34.0,0 days 00:01:39.799000,HARD,15.0,2.0,18.0,1
SAR,Williams,35.0,0 days 00:01:39.764000,HARD,16.0,2.0,18.0,1
SAR,Williams,36.0,0 days 00:01:39.878000,HARD,17.0,2.0,18.0,1
SAR,Williams,37.0,0 days 00:01:39.752000,HARD,18.0,2.0,18.0,1
SAR,Williams,38.0,0 days 00:01:39.877000,HARD,19.0,2.0,18.0,1
SAR,Williams,39.0,0 days 00:01:40.134000,HARD,20.0,2.0,18.0,1
SAR,Williams,40.0,0 days 00:01:40.280000,HARD,21.0,2.0,17.0,1
SAR,Williams,41.0,0 days 00:01:40.297000,HARD,22.0,2.0,16.0,1
SAR,Williams,42.0,0 days 00:01:40.602000,HARD,23.0,2.0,16.0,12
SAR,Williams,43.0,0 days 00:02:08.408000,HARD,24.0,2.0,16.0,26
SAR,Williams,44.0,,MEDIUM,1.0,3.0,17.0,671
SAR,Williams,45.0,0 days 00:01:38.531000,MEDIUM,2.0,3.0,17.0,1
SAR,Williams,46.0,0 days 00:01:38.784000,MEDIUM,3.0,3.0,16.0,12
SAR,Williams,47.0,0 days 00:01:38.589000,MEDIUM,4.0,3.0,16.0,1
SAR,Williams,48.0,0 days 00:01:38.711000,MEDIUM,5.0,3.0,16.0,1
SAR,Williams,49.0,0 days 00:01:38.690000,MEDIUM,6.0,3.0,16.0,1
SAR,Williams,50.0,0 days 00:01:38.657000,MEDIUM,7.0,3.0,16.0,1
SAR,Williams,51.0,0 days 00:01:38.620000,MEDIUM,8.0,3.0,16.0,1
SAR,Williams,52.0,0 days 00:01:38.812000,MEDIUM,9.0,3.0,15.0,12
SAR,Williams,53.0,0 days 00:01:38.983000,MEDIUM,10.0,3.0,15.0,1
SAR,Williams,54.0,0 days 00:01:38.933000,MEDIUM,11.0,3.0,15.0,1
SAR,Williams,55.0,0 days 00:01:38.858000,MEDIUM,12.0,3.0,15.0,1
SAR,Williams,56.0,0 days 00:01:38.881000,MEDIUM,13.0,3.0,15.0,1
SAR,Williams,57.0,0 days 00:01:39.171000,MEDIUM,14.0,3.0,15.0,1
SAR,Williams,58.0,0 days 00:01:40.767000,MEDIUM,15.0,3.0,15.0,12
SAR,Williams,59.0,0 days 00:01:39.374000,MEDIUM,16.0,3.0,15.0,1
SAR,Williams,60.0,0 days 00:01:39.786000,MEDIUM,17.0,3.0,15.0,1
SAR,Williams,61.0,0 days 00:01:41.938000,MEDIUM,18.0,3.0,15.0,12
SAR,Williams,62.0,0 days 00:01:43.955000,MEDIUM,19.0,3.0,14.0,2
MAG,Haas F1 Team,1.0,0 days 00:01:48.345000,MEDIUM,1.0,1.0,8.0,12
MAG,Haas F1 Team,2.0,0 days 00:01:42.668000,MEDIUM,2.0,1.0,8.0,12
MAG,Haas F1 Team,3.0,0 days 00:01:41.539000,MEDIUM,3.0,1.0,8.0,1
MAG,Haas F1 Team,4.0,0 days 00:01:41.004000,MEDIUM,4.0,1.0,8.0,1
MAG,Haas F1 Team,5.0,0 days 00:01:41.469000,MEDIUM,5.0,1.0,8.0,1
MAG,Haas F1 Team,6.0,0 days 00:01:42.626000,MEDIUM,6.0,1.0,9.0,1
MAG,Haas F1 Team,7.0,0 days 00:01:40.834000,MEDIUM,7.0,1.0,9.0,1
MAG,Haas F1 Team,8.0,0 days 00:01:40.630000,MEDIUM,8.0,1.0,9.0,1
MAG,Haas F1 Team,9.0,0 days 00:01:40.995000,MEDIUM,9.0,1.0,9.0,1
MAG,Haas F1 Team,10.0,0 days 00:01:40.504000,MEDIUM,10.0,1.0,9.0,1
MAG,Haas F1 Team,11.0,0 days 00:01:40.415000,MEDIUM,11.0,1.0,9.0,1
MAG,Haas F1 Team,12.0,0 days 00:01:40.705000,MEDIUM,12.0,1.0,9.0,1
MAG,Haas F1 Team,13.0,0 days 00:01:40.828000,MEDIUM,13.0,1.0,9.0,1
MAG,Haas F1 Team,14.0,0 days 00:01:40.515000,MEDIUM,14.0,1.0,9.0,1
MAG,Haas F1 Team,15.0,0 days 00:01:40.598000,MEDIUM,15.0,1.0,9.0,1
MAG,Haas F1 Team,16.0,0 days 00:01:40.671000,MEDIUM,16.0,1.0,9.0,1
MAG,Haas F1 Team,17.0,0 days 00:01:40.859000,MEDIUM,17.0,1.0,9.0,1
MAG,Haas F1 Team,18.0,0 days 00:01:40.993000,MEDIUM,18.0,1.0,9.0,1
MAG,Haas F1 Team,19.0,0 days 00:01:41.007000,MEDIUM,19.0,1.0,9.0,12
MAG,Haas F1 Team,20.0,0 days 00:02:06.536000,MEDIUM,20.0,1.0,10.0,14
MAG,Haas F1 Team,21.0,,HARD,1.0,2.0,11.0,4
MAG,Haas F1 Team,22.0,0 days 00:02:21.983000,HARD,2.0,2.0,11.0,41
MAG,Haas F1 Team,23.0,0 days 00:01:43.438000,HARD,3.0,2.0,10.0,1
MAG,Haas F1 Team,24.0,0 days 00:01:42.343000,HARD,4.0,2.0,10.0,1
MAG,Haas F1 Team,25.0,0 days 00:01:41.109000,HARD,5.0,2.0,10.0,1
MAG,Haas F1 Team,26.0,0 days 00:01:40.851000,HARD,6.0,2.0,10.0,1
MAG,Haas F1 Team,27.0,0 days 00:01:40.481000,HARD,7.0,2.0,10.0,1
MAG,Haas F1 Team,28.0,0 days 00:01:41.579000,HARD,8.0,2.0,10.0,1
MAG,Haas F1 Team,29.0,0 days 00:01:41.565000,HARD,9.0,2.0,10.0,1
MAG,Haas F1 Team,30.0,0 days 00:01:40.224000,HARD,10.0,2.0,10.0,1
MAG,Haas F1 Team,31.0,0 days 00:01:40.030000,HARD,11.0,2.0,10.0,1
MAG,Haas F1 Team,32.0,0 days 00:01:40.464000,HARD,12.0,2.0,10.0,1
MAG,Haas F1 Team,33.0,0 days 00:01:40.096000,HARD,13.0,2.0,10.0,1
MAG,Haas F1 Team,34.0,0 days 00:01:41.291000,HARD,14.0,2.0,10.0,1
MAG,Haas F1 Team,35.0,0 days 00:01:42.612000,HARD,15.0,2.0,10.0,1
MAG,Haas F1 Team,36.0,0 days 00:01:48.130000,HARD,16.0,2.0,16.0,1
MAG,Haas F1 Team,37.0,0 days 00:01:42.352000,HARD,17.0,2.0,16.0,1
MAG,Haas F1 Team,38.0,0 days 00:01:41.591000,HARD,18.0,2.0,16.0,1
MAG,Haas F1 Team,39.0,0 days 00:01:41.934000,HARD,19.0,2.0,16.0,1
MAG,Haas F1 Team,40.0,0 days 00:01:41.757000,HARD,20.0,2.0,15.0,1
MAG,Haas F1 Team,41.0,0 days 00:01:41.307000,HARD,21.0,2.0,14.0,1
MAG,Haas F1 Team,42.0,0 days 00:01:40.956000,HARD,22.0,2.0,14.0,1
MAG,Haas F1 Team,43.0,0 days 00:02:06.002000,HARD,23.0,2.0,14.0,126
MAG,Haas F1 Team,44.0,,SOFT,4.0,3.0,15.0,671
MAG,Haas F1 Team,45.0,0 days 00:01:39.787000,SOFT,5.0,3.0,14.0,1
MAG,Haas F1 Team,46.0,0 days 00:01:40.988000,SOFT,6.0,3.0,14.0,12
MAG,Haas F1 Team,47.0,0 days 00:01:39.742000,SOFT,7.0,3.0,14.0,1
MAG,Haas F1 Team,48.0,0 days 00:01:38.107000,SOFT,8.0,3.0,14.0,1
MAG,Haas F1 Team,49.0,0 days 00:01:38.367000,SOFT,9.0,3.0,14.0,1
MAG,Haas F1 Team,50.0,0 days 00:01:38.280000,SOFT,10.0,3.0,14.0,1
MAG,Haas F1 Team,51.0,0 days 00:01:38.215000,SOFT,11.0,3.0,14.0,1
MAG,Haas F1 Team,52.0,0 days 00:01:38.407000,SOFT,12.0,3.0,14.0,12
MAG,Haas F1 Team,53.0,0 days 00:01:38.693000,SOFT,13.0,3.0,14.0,1
MAG,Haas F1 Team,54.0,0 days 00:01:38.495000,SOFT,14.0,3.0,14.0,1
MAG,Haas F1 Team,55.0,0 days 00:01:38.290000,SOFT,15.0,3.0,14.0,1
MAG,Haas F1 Team,56.0,0 days 00:01:38.567000,SOFT,16.0,3.0,14.0,1
MAG,Haas F1 Team,57.0,0 days 00:01:38.954000,SOFT,17.0,3.0,14.0,1
MAG,Haas F1 Team,58.0,0 days 00:01:42.141000,SOFT,18.0,3.0,13.0,12
MAG,Haas F1 Team,59.0,0 days 00:01:40.398000,SOFT,19.0,3.0,12.0,1
MAG,Haas F1 Team,60.0,0 days 00:01:39.695000,SOFT,20.0,3.0,11.0,1
MAG,Haas F1 Team,61.0,0 days 00:01:38.445000,SOFT,21.0,3.0,11.0,12
MAG,Haas F1 Team,62.0,0 days 00:01:39.418000,SOFT,22.0,3.0,10.0,2
TSU,AlphaTauri,1.0,,SOFT,1.0,1.0,,12
ALB,Williams,1.0,0 days 00:01:53.077000,MEDIUM,1.0,1.0,15.0,12
ALB,Williams,2.0,0 days 00:01:41.902000,MEDIUM,2.0,1.0,15.0,12
ALB,Williams,3.0,0 days 00:01:41.783000,MEDIUM,3.0,1.0,15.0,1
ALB,Williams,4.0,0 days 00:01:41.473000,MEDIUM,4.0,1.0,15.0,1
ALB,Williams,5.0,0 days 00:01:41.361000,MEDIUM,5.0,1.0,15.0,1
ALB,Williams,6.0,0 days 00:01:42.001000,MEDIUM,6.0,1.0,15.0,1
ALB,Williams,7.0,0 days 00:01:43.107000,MEDIUM,7.0,1.0,15.0,1
ALB,Williams,8.0,0 days 00:01:41.318000,MEDIUM,8.0,1.0,15.0,1
ALB,Williams,9.0,0 days 00:01:40.869000,MEDIUM,9.0,1.0,15.0,1
ALB,Williams,10.0,0 days 00:01:40.625000,MEDIUM,10.0,1.0,15.0,1
ALB,Williams,11.0,0 days 00:01:40.363000,MEDIUM,11.0,1.0,15.0,1
ALB,Williams,12.0,0 days 00:01:40.458000,MEDIUM,12.0,1.0,15.0,1
ALB,Williams,13.0,0 days 00:01:40.755000,MEDIUM,13.0,1.0,15.0,1
ALB,Williams,14.0,0 days 00:01:40.775000,MEDIUM,14.0,1.0,15.0,1
ALB,Williams,15.0,0 days 00:01:40.638000,MEDIUM,15.0,1.0,15.0,1
ALB,Williams,16.0,0 days 00:01:40.815000,MEDIUM,16.0,1.0,15.0,1
ALB,Williams,17.0,0 days 00:01:40.689000,MEDIUM,17.0,1.0,15.0,1
ALB,Williams,18.0,0 days 00:01:40.949000,MEDIUM,18.0,1.0,15.0,1
ALB,Williams,19.0,0 days 00:01:41.174000,MEDIUM,19.0,1.0,15.0,12
ALB,Williams,20.0,0 days 00:02:08.599000,MEDIUM,20.0,1.0,15.0,14
ALB,Williams,21.0,,HARD,1.0,2.0,16.0,4
ALB,Williams,22.0,0 days 00:02:15.182000,HARD,2.0,2.0,16.0,41
ALB,Williams,23.0,0 days 00:01:43.117000,HARD,3.0,2.0,16.0,1
ALB,Williams,24.0,0 days 00:01:43.087000,HARD,4.0,2.0,15.0,1
ALB,Williams,25.0,0 days 00:01:40.961000,HARD,5.0,2.0,15.0,1
ALB,Williams,26.0,0 days 00:01:40.927000,HARD,6.0,2.0,15.0,1
ALB,Williams,27.0,0 days 00:01:41.309000,HARD,7.0,2.0,15.0,1
ALB,Williams,28.0,0 days 00:01:41.442000,HARD,8.0,2.0,15.0,1
ALB,Williams,29.0,0 days 00:01:41.455000,HARD,9.0,2.0,15.0,1
ALB,Williams,30.0,0 days 00:01:40.469000,HARD,10.0,2.0,15.0,1
ALB,Williams,31.0,0 days 00:01:40.981000,HARD,11.0,2.0,15.0,1
ALB,Williams,32.0,0 days 00:01:40.542000,HARD,12.0,2.0,15.0,1
ALB,Williams,33.0,0 days 00:01:40.772000,HARD,13.0,2.0,15.0,1
ALB,Williams,34.0,0 days 00:01:40.550000,HARD,14.0,2.0,15.0,1
ALB,Williams,35.0,0 days 00:01:41.065000,HARD,15.0,2.0,15.0,1
ALB,Williams,36.0,0 days 00:01:41.940000,HARD,16.0,2.0,14.0,1
ALB,Williams,37.0,0 days 00:01:41.028000,HARD,17.0,2.0,14.0,1
ALB,Williams,38.0,0 days 00:01:40.837000,HARD,18.0,2.0,14.0,1
ALB,Williams,39.0,0 days 00:01:41.246000,HARD,19.0,2.0,13.0,1
ALB,Williams,40.0,0 days 00:01:40.935000,HARD,20.0,2.0,13.0,1
ALB,Williams,41.0,0 days 00:01:40.579000,HARD,21.0,2.0,12.0,1
ALB,Williams,42.0,0 days 00:01:40.637000,HARD,22.0,2.0,12.0,1
ALB,Williams,43.0,0 days 00:02:00.929000,HARD,23.0,2.0,12.0,126
ALB,Williams,44.0,,MEDIUM,1.0,3.0,13.0,67
ALB,Williams,45.0,0 days 00:01:40.919000,MEDIUM,2.0,3.0,12.0,71
ALB,Williams,46.0,0 days 00:01:37.342000,MEDIUM,3.0,3.0,12.0,12
ALB,Williams,47.0,0 days 00:01:38.047000,MEDIUM,4.0,3.0,12.0,21
ALB,Williams,48.0,0 days 00:01:37.992000,MEDIUM,5.0,3.0,12.0,1
ALB,Williams,49.0,0 days 00:01:38.019000,MEDIUM,6.0,3.0,12.0,1
ALB,Williams,50.0,0 days 00:01:38.122000,MEDIUM,7.0,3.0,12.0,1
ALB,Williams,51.0,0 days 00:01:38.213000,MEDIUM,8.0,3.0,12.0,1
ALB,Williams,52.0,0 days 00:01:40.048000,MEDIUM,9.0,3.0,11.0,12
ALB,Williams,53.0,0 days 00:01:39.613000,MEDIUM,10.0,3.0,10.0,21
ALB,Williams,54.0,0 days 00:01:38.226000,MEDIUM,11.0,3.0,10.0,1
ALB,Williams,55.0,0 days 00:01:37.656000,MEDIUM,12.0,3.0,10.0,1
ALB,Williams,56.0,0 days 00:01:38.387000,MEDIUM,13.0,3.0,10.0,1
ALB,Williams,57.0,0 days 00:01:41.555000,MEDIUM,14.0,3.0,10.0,1
ALB,Williams,58.0,0 days 00:01:57.964000,MEDIUM,15.0,3.0,14.0,12
ALB,Williams,59.0,0 days 00:01:40.685000,MEDIUM,16.0,3.0,13.0,1
ALB,Williams,60.0,0 days 00:01:39.668000,MEDIUM,17.0,3.0,12.0,1
ALB,Williams,61.0,0 days 00:01:38.501000,MEDIUM,18.0,3.0,12.0,12
ALB,Williams,62.0,0 days 00:01:39.891000,MEDIUM,19.0,3.0,11.0,2
ZHO,Alfa Romeo,1.0,0 days 00:01:55.057000,SOFT,1.0,1.0,18.0,12
ZHO,Alfa Romeo,2.0,0 days 00:01:49.969000,SOFT,2.0,1.0,18.0,21
ZHO,Alfa Romeo,3.0,0 days 00:02:02.716000,HARD,1.0,2.0,18.0,1
ZHO,Alfa Romeo,4.0,0 days 00:01:39.869000,HARD,2.0,2.0,18.0,1
ZHO,Alfa Romeo,5.0,0 days 00:01:40.371000,HARD,3.0,2.0,18.0,1
ZHO,Alfa Romeo,6.0,0 days 00:01:40.471000,HARD,4.0,2.0,18.0,1
ZHO,Alfa Romeo,7.0,0 days 00:01:40.588000,HARD,5.0,2.0,18.0,1
ZHO,Alfa Romeo,8.0,0 days 00:01:41.240000,HARD,6.0,2.0,18.0,1
ZHO,Alfa Romeo,9.0,0 days 00:01:40.555000,HARD,7.0,2.0,18.0,1
ZHO,Alfa Romeo,10.0,0 days 00:01:40.566000,HARD,8.0,2.0,18.0,1
ZHO,Alfa Romeo,11.0,0 days 00:01:40.534000,HARD,9.0,2.0,18.0,1
ZHO,Alfa Romeo,12.0,0 days 00:01:40.316000,HARD,10.0,2.0,18.0,1
ZHO,Alfa Romeo,13.0,0 days 00:01:40.397000,HARD,11.0,2.0,18.0,1
ZHO,Alfa Romeo,14.0,0 days 00:01:40.833000,HARD,12.0,2.0,18.0,1
ZHO,Alfa Romeo,15.0,0 days 00:01:40.463000,HARD,13.0,2.0,18.0,1
ZHO,Alfa Romeo,16.0,0 days 00:01:40.425000,HARD,14.0,2.0,18.0,1
ZHO,Alfa Romeo,17.0,0 days 00:01:40.424000,HARD,15.0,2.0,18.0,1
ZHO,Alfa Romeo,18.0,0 days 00:01:40.582000,HARD,16.0,2.0,18.0,1
ZHO,Alfa Romeo,19.0,0 days 00:01:41.684000,HARD,17.0,2.0,17.0,12
ZHO,Alfa Romeo,20.0,0 days 00:02:16.694000,HARD,18.0,2.0,17.0,14
ZHO,Alfa Romeo,21.0,,MEDIUM,1.0,3.0,17.0,4
ZHO,Alfa Romeo,22.0,0 days 00:02:00.733000,MEDIUM,2.0,3.0,17.0,41
ZHO,Alfa Romeo,23.0,0 days 00:01:42.749000,MEDIUM,3.0,3.0,17.0,1
ZHO,Alfa Romeo,24.0,0 days 00:01:43.949000,MEDIUM,4.0,3.0,16.0,1
ZHO,Alfa Romeo,25.0,0 days 00:01:41.346000,MEDIUM,5.0,3.0,16.0,1
ZHO,Alfa Romeo,26.0,0 days 00:01:40.973000,MEDIUM,6.0,3.0,16.0,1
ZHO,Alfa Romeo,27.0,0 days 00:01:40.570000,MEDIUM,7.0,3.0,16.0,1
ZHO,Alfa Romeo,28.0,0 days 00:01:41.310000,MEDIUM,8.0,3.0,16.0,1
ZHO,Alfa Romeo,29.0,0 days 00:01:41.476000,MEDIUM,9.0,3.0,16.0,1
ZHO,Alfa Romeo,30.0,0 days 00:01:40.866000,MEDIUM,10.0,3.0,16.0,1
ZHO,Alfa Romeo,31.0,0 days 00:01:40.778000,MEDIUM,11.0,3.0,16.0,1
ZHO,Alfa Romeo,32.0,0 days 00:01:40.576000,MEDIUM,12.0,3.0,16.0,1
ZHO,Alfa Romeo,33.0,0 days 00:01:40.708000,MEDIUM,13.0,3.0,16.0,1
ZHO,Alfa Romeo,34.0,0 days 00:01:40.499000,MEDIUM,14.0,3.0,16.0,1
ZHO,Alfa Romeo,35.0,0 days 00:01:41.189000,MEDIUM,15.0,3.0,16.0,1
ZHO,Alfa Romeo,36.0,0 days 00:01:42.747000,MEDIUM,16.0,3.0,15.0,1
ZHO,Alfa Romeo,37.0,0 days 00:01:41.148000,MEDIUM,17.0,3.0,15.0,1
ZHO,Alfa Romeo,38.0,0 days 00:01:40.821000,MEDIUM,18.0,3.0,15.0,1
ZHO,Alfa Romeo,39.0,0 days 00:01:40.894000,MEDIUM,19.0,3.0,14.0,1
ZHO,Alfa Romeo,40.0,0 days 00:01:40.806000,MEDIUM,20.0,3.0,14.0,1
ZHO,Alfa Romeo,41.0,0 days 00:01:40.853000,MEDIUM,21.0,3.0,13.0,1
ZHO,Alfa Romeo,42.0,0 days 00:01:40.425000,MEDIUM,22.0,3.0,13.0,1
ZHO,Alfa Romeo,43.0,0 days 00:01:54.357000,MEDIUM,23.0,3.0,11.0,126
ZHO,Alfa Romeo,44.0,0 days 00:02:17.516000,MEDIUM,24.0,3.0,11.0,6
ZHO,Alfa Romeo,45.0,0 days 00:01:50.632000,MEDIUM,25.0,3.0,10.0,671
ZHO,Alfa Romeo,46.0,0 days 00:01:39.316000,MEDIUM,26.0,3.0,10.0,1
ZHO,Alfa Romeo,47.0,0 days 00:01:40.485000,MEDIUM,27.0,3.0,11.0,12
ZHO,Alfa Romeo,48.0,0 days 00:01:39.790000,MEDIUM,28.0,3.0,11.0,1
ZHO,Alfa Romeo,49.0,0 days 00:01:40.042000,MEDIUM,29.0,3.0,11.0,1
ZHO,Alfa Romeo,50.0,0 days 00:01:39.818000,MEDIUM,30.0,3.0,11.0,1
ZHO,Alfa Romeo,51.0,0 days 00:01:40.482000,MEDIUM,31.0,3.0,11.0,1
ZHO,Alfa Romeo,52.0,0 days 00:01:43.708000,MEDIUM,32.0,3.0,13.0,12
ZHO,Alfa Romeo,53.0,0 days 00:01:41.753000,MEDIUM,33.0,3.0,13.0,1
ZHO,Alfa Romeo,54.0,0 days 00:01:41.708000,MEDIUM,34.0,3.0,13.0,1
ZHO,Alfa Romeo,55.0,0 days 00:01:40.798000,MEDIUM,35.0,3.0,13.0,1
ZHO,Alfa Romeo,56.0,0 days 00:01:41.215000,MEDIUM,36.0,3.0,13.0,1
ZHO,Alfa Romeo,57.0,0 days 00:01:41.419000,MEDIUM,37.0,3.0,13.0,1
ZHO,Alfa Romeo,58.0,0 days 00:01:42.795000,MEDIUM,38.0,3.0,12.0,12
ZHO,Alfa Romeo,59.0,0 days 00:01:43.773000,MEDIUM,39.0,3.0,14.0,1
ZHO,Alfa Romeo,60.0,0 days 00:01:41.794000,MEDIUM,40.0,3.0,14.0,1
ZHO,Alfa Romeo,61.0,0 days 00:01:42.010000,MEDIUM,41.0,3.0,13.0,12
ZHO,Alfa Romeo,62.0,0 days 00:01:42.246000,MEDIUM,42.0,3.0,12.0,2
HUL,Haas F1 Team,1.0,0 days 00:01:49.191000,MEDIUM,1.0,1.0,9.0,12
HUL,Haas F1 Team,2.0,0 days 00:01:42.849000,MEDIUM,2.0,1.0,10.0,12
HUL,Haas F1 Team,3.0,0 days 00:01:41.400000,MEDIUM,3.0,1.0,10.0,1
HUL,Haas F1 Team,4.0,0 days 00:01:41.256000,MEDIUM,4.0,1.0,10.0,1
HUL,Haas F1 Team,5.0,0 days 00:01:41.350000,MEDIUM,5.0,1.0,10.0,1
HUL,Haas F1 Team,6.0,0 days 00:01:41.949000,MEDIUM,6.0,1.0,10.0,1
HUL,Haas F1 Team,7.0,0 days 00:01:41.117000,MEDIUM,7.0,1.0,10.0,1
HUL,Haas F1 Team,8.0,0 days 00:01:40.734000,MEDIUM,8.0,1.0,10.0,1
HUL,Haas F1 Team,9.0,0 days 00:01:40.978000,MEDIUM,9.0,1.0,10.0,1
HUL,Haas F1 Team,10.0,0 days 00:01:40.633000,MEDIUM,10.0,1.0,10.0,1
HUL,Haas F1 Team,11.0,0 days 00:01:40.559000,MEDIUM,11.0,1.0,10.0,1
HUL,Haas F1 Team,12.0,0 days 00:01:40.479000,MEDIUM,12.0,1.0,10.0,1
HUL,Haas F1 Team,13.0,0 days 00:01:40.783000,MEDIUM,13.0,1.0,10.0,1
HUL,Haas F1 Team,14.0,0 days 00:01:40.641000,MEDIUM,14.0,1.0,10.0,1
HUL,Haas F1 Team,15.0,0 days 00:01:40.693000,MEDIUM,15.0,1.0,10.0,1
HUL,Haas F1 Team,16.0,0 days 00:01:40.789000,MEDIUM,16.0,1.0,10.0,1
HUL,Haas F1 Team,17.0,0 days 00:01:40.753000,MEDIUM,17.0,1.0,10.0,1
HUL,Haas F1 Team,18.0,0 days 00:01:40.877000,MEDIUM,18.0,1.0,10.0,1
HUL,Haas F1 Team,19.0,0 days 00:01:41.096000,MEDIUM,19.0,1.0,10.0,12
HUL,Haas F1 Team,20.0,0 days 00:02:08.679000,MEDIUM,20.0,1.0,11.0,14
HUL,Haas F1 Team,21.0,,HARD,1.0,2.0,15.0,4
HUL,Haas F1 Team,22.0,0 days 00:02:16.853000,HARD,2.0,2.0,15.0,41
HUL,Haas F1 Team,23.0,0 days 00:01:43.093000,HARD,3.0,2.0,15.0,1
HUL,Haas F1 Team,24.0,0 days 00:01:43.044000,HARD,4.0,2.0,14.0,1
HUL,Haas F1 Team,25.0,0 days 00:01:41.165000,HARD,5.0,2.0,14.0,1
HUL,Haas F1 Team,26.0,0 days 00:01:40.930000,HARD,6.0,2.0,14.0,1
HUL,Haas F1 Team,27.0,0 days 00:01:40.425000,HARD,7.0,2.0,14.0,1
HUL,Haas F1 Team,28.0,0 days 00:01:41.780000,HARD,8.0,2.0,14.0,1
HUL,Haas F1 Team,29.0,0 days 00:01:41.570000,HARD,9.0,2.0,14.0,1
HUL,Haas F1 Team,30.0,0 days 00:01:40.692000,HARD,10.0,2.0,14.0,1
HUL,Haas F1 Team,31.0,0 days 00:01:40.076000,HARD,11.0,2.0,14.0,1
HUL,Haas F1 Team,32.0,0 days 00:01:41.038000,HARD,12.0,2.0,14.0,1
HUL,Haas F1 Team,33.0,0 days 00:01:40.694000,HARD,13.0,2.0,14.0,1
HUL,Haas F1 Team,34.0,0 days 00:01:40.644000,HARD,14.0,2.0,14.0,1
HUL,Haas F1 Team,35.0,0 days 00:01:41.622000,HARD,15.0,2.0,14.0,1
HUL,Haas F1 Team,36.0,0 days 00:01:41.128000,HARD,16.0,2.0,13.0,1
HUL,Haas F1 Team,37.0,0 days 00:01:40.482000,HARD,17.0,2.0,13.0,1
HUL,Haas F1 Team,38.0,0 days 00:01:41.051000,HARD,18.0,2.0,13.0,1
HUL,Haas F1 Team,39.0,0 days 00:01:42.010000,HARD,19.0,2.0,12.0,1
HUL,Haas F1 Team,40.0,0 days 00:01:41.257000,HARD,20.0,2.0,12.0,1
HUL,Haas F1 Team,41.0,0 days 00:01:40.687000,HARD,21.0,2.0,11.0,1
HUL,Haas F1 Team,42.0,0 days 00:01:40.523000,HARD,22.0,2.0,11.0,1
HUL,Haas F1 Team,43.0,0 days 00:01:53.224000,HARD,23.0,2.0,10.0,126
HUL,Haas F1 Team,44.0,0 days 00:02:16.653000,HARD,24.0,2.0,10.0,6
HUL,Haas F1 Team,45.0,0 days 00:01:51.986000,HARD,25.0,2.0,9.0,671
HUL,Haas F1 Team,46.0,0 days 00:01:40.005000,HARD,26.0,2.0,9.0,1
HUL,Haas F1 Team,47.0,0 days 00:01:39.971000,HARD,27.0,2.0,9.0,12
HUL,Haas F1 Team,48.0,0 days 00:01:40.789000,HARD,28.0,2.0,10.0,1
HUL,Haas F1 Team,49.0,0 days 00:01:40.650000,HARD,29.0,2.0,10.0,1
HUL,Haas F1 Team,50.0,0 days 00:01:39.923000,HARD,30.0,2.0,10.0,1
HUL,Haas F1 Team,51.0,0 days 00:01:40.729000,HARD,31.0,2.0,10.0,1
HUL,Haas F1 Team,52.0,0 days 00:01:40.946000,HARD,32.0,2.0,10.0,12
HUL,Haas F1 Team,53.0,0 days 00:01:43.808000,HARD,33.0,2.0,12.0,21
HUL,Haas F1 Team,54.0,0 days 00:01:41.918000,HARD,34.0,2.0,12.0,1
HUL,Haas F1 Team,55.0,0 days 00:01:41.160000,HARD,35.0,2.0,12.0,1
HUL,Haas F1 Team,56.0,0 days 00:01:41.285000,HARD,36.0,2.0,12.0,1
HUL,Haas F1 Team,57.0,0 days 00:01:41.410000,HARD,37.0,2.0,12.0,1
HUL,Haas F1 Team,58.0,0 days 00:01:42.177000,HARD,38.0,2.0,11.0,12
HUL,Haas F1 Team,59.0,0 days 00:01:41.538000,HARD,39.0,2.0,11.0,1
HUL,Haas F1 Team,60.0,0 days 00:01:44.766000,HARD,40.0,2.0,13.0,1
HUL,Haas F1 Team,61.0,0 days 00:01:43.503000,HARD,41.0,2.0,14.0,12
HUL,Haas F1 Team,62.0,0 days 00:01:43.728000,HARD,42.0,2.0,13.0,2
OCO,Alpine,1.0,0 days 00:01:47.795000,MEDIUM,1.0,1.0,7.0,12
OCO,Alpine,2.0,0 days 00:01:42.401000,MEDIUM,2.0,1.0,7.0,12
OCO,Alpine,3.0,0 days 00:01:41.196000,MEDIUM,3.0,1.0,7.0,1
OCO,Alpine,4.0,0 days 00:01:41.375000,MEDIUM,4.0,1.0,7.0,1
OCO,Alpine,5.0,0 days 00:01:41.329000,MEDIUM,5.0,1.0,7.0,1
OCO,Alpine,6.0,0 days 00:01:40.908000,MEDIUM,6.0,1.0,7.0,1
OCO,Alpine,7.0,0 days 00:01:40.732000,MEDIUM,7.0,1.0,7.0,1
OCO,Alpine,8.0,0 days 00:01:40.339000,MEDIUM,8.0,1.0,7.0,1
OCO,Alpine,9.0,0 days 00:01:40.343000,MEDIUM,9.0,1.0,7.0,1
OCO,Alpine,10.0,0 days 00:01:40.689000,MEDIUM,10.0,1.0,7.0,1
OCO,Alpine,11.0,0 days 00:01:40.085000,MEDIUM,11.0,1.0,7.0,1
OCO,Alpine,12.0,0 days 00:01:40.388000,MEDIUM,12.0,1.0,7.0,1
OCO,Alpine,13.0,0 days 00:01:40.562000,MEDIUM,13.0,1.0,7.0,1
OCO,Alpine,14.0,0 days 00:01:40.247000,MEDIUM,14.0,1.0,7.0,1
OCO,Alpine,15.0,0 days 00:01:40.353000,MEDIUM,15.0,1.0,7.0,1
OCO,Alpine,16.0,0 days 00:01:40.387000,MEDIUM,16.0,1.0,7.0,1
OCO,Alpine,17.0,0 days 00:01:40.575000,MEDIUM,17.0,1.0,7.0,1
OCO,Alpine,18.0,0 days 00:01:40.423000,MEDIUM,18.0,1.0,7.0,1
OCO,Alpine,19.0,0 days 00:01:40.490000,MEDIUM,19.0,1.0,7.0,12
OCO,Alpine,20.0,0 days 00:02:05.887000,MEDIUM,20.0,1.0,8.0,14
OCO,Alpine,21.0,,HARD,1.0,2.0,9.0,4
OCO,Alpine,22.0,0 days 00:02:23.293000,HARD,2.0,2.0,9.0,41
OCO,Alpine,23.0,0 days 00:01:43.254000,HARD,3.0,2.0,9.0,1
OCO,Alpine,24.0,0 days 00:01:43.091000,HARD,4.0,2.0,9.0,1
OCO,Alpine,25.0,0 days 00:01:40.895000,HARD,5.0,2.0,9.0,1
OCO,Alpine,26.0,0 days 00:01:40.885000,HARD,6.0,2.0,9.0,1
OCO,Alpine,27.0,0 days 00:01:40.376000,HARD,7.0,2.0,9.0,1
OCO,Alpine,28.0,0 days 00:01:41.755000,HARD,8.0,2.0,9.0,1
OCO,Alpine,29.0,0 days 00:01:41.534000,HARD,9.0,2.0,9.0,1
OCO,Alpine,30.0,0 days 00:01:40.040000,HARD,10.0,2.0,9.0,1
OCO,Alpine,31.0,0 days 00:01:40.043000,HARD,11.0,2.0,9.0,1
OCO,Alpine,32.0,0 days 00:01:40.362000,HARD,12.0,2.0,9.0,1
OCO,Alpine,33.0,0 days 00:01:39.930000,HARD,13.0,2.0,9.0,1
OCO,Alpine,34.0,0 days 00:01:40.303000,HARD,14.0,2.0,9.0,1
OCO,Alpine,35.0,0 days 00:01:40.541000,HARD,15.0,2.0,9.0,1
OCO,Alpine,36.0,0 days 00:01:41.211000,HARD,16.0,2.0,9.0,1
OCO,Alpine,37.0,0 days 00:01:42.599000,HARD,17.0,2.0,8.0,1
OCO,Alpine,38.0,0 days 00:01:41.319000,HARD,18.0,2.0,8.0,1
OCO,Alpine,39.0,0 days 00:01:40.875000,HARD,19.0,2.0,7.0,1
OCO,Alpine,40.0,0 days 00:01:39.931000,HARD,20.0,2.0,7.0,1
OCO,Alpine,41.0,0 days 00:01:40.064000,HARD,21.0,2.0,6.0,1
OCO,Alpine,42.0,0 days 00:01:39.995000,HARD,22.0,2.0,6.0,1
OCO,Alpine,43.0,,HARD,23.0,2.0,,126
NOR,McLaren,1.0,0 days 00:01:46.415000,MEDIUM,1.0,1.0,5.0,12
NOR,McLaren,2.0,0 days 00:01:41.826000,MEDIUM,2.0,1.0,5.0,12
NOR,McLaren,3.0,0 days 00:01:41.124000,MEDIUM,3.0,1.0,5.0,1
NOR,McLaren,4.0,0 days 00:01:41.678000,MEDIUM,4.0,1.0,4.0,1
NOR,McLaren,5.0,0 days 00:01:40.285000,MEDIUM,5.0,1.0,4.0,1
NOR,McLaren,6.0,0 days 00:01:39.992000,MEDIUM,6.0,1.0,4.0,1
NOR,McLaren,7.0,0 days 00:01:39.972000,MEDIUM,7.0,1.0,4.0,1
NOR,McLaren,8.0,0 days 00:01:40.301000,MEDIUM,8.0,1.0,4.0,1
NOR,McLaren,9.0,0 days 00:01:40.130000,MEDIUM,9.0,1.0,4.0,1
NOR,McLaren,10.0,0 days 00:01:39.974000,MEDIUM,10.0,1.0,4.0,1
NOR,McLaren,11.0,0 days 00:01:40.355000,MEDIUM,11.0,1.0,4.0,1
NOR,McLaren,12.0,0 days 00:01:40.466000,MEDIUM,12.0,1.0,4.0,1
NOR,McLaren,13.0,0 days 00:01:40.372000,MEDIUM,13.0,1.0,4.0,1
NOR,McLaren,14.0,0 days 00:01:40.421000,MEDIUM,14.0,1.0,4.0,1
NOR,McLaren,15.0,0 days 00:01:40.247000,MEDIUM,15.0,1.0,4.0,1
NOR,McLaren,16.0,0 days 00:01:40.342000,MEDIUM,16.0,1.0,4.0,1
NOR,McLaren,17.0,0 days 00:01:40.024000,MEDIUM,17.0,1.0,4.0,1
NOR,McLaren,18.0,0 days 00:01:39.693000,MEDIUM,18.0,1.0,4.0,1
NOR,McLaren,19.0,0 days 00:01:39.880000,MEDIUM,19.0,1.0,4.0,12
NOR,McLaren,20.0,0 days 00:02:01.158000,MEDIUM,20.0,1.0,4.0,14
NOR,McLaren,21.0,,HARD,1.0,2.0,5.0,4
NOR,McLaren,22.0,0 days 00:02:28.267000,HARD,2.0,2.0,5.0,41
NOR,McLaren,23.0,0 days 00:01:42.789000,HARD,3.0,2.0,4.0,1
NOR,McLaren,24.0,0 days 00:01:40.320000,HARD,4.0,2.0,3.0,1
NOR,McLaren,25.0,0 days 00:01:40.240000,HARD,5.0,2.0,3.0,1
NOR,McLaren,26.0,0 days 00:01:39.484000,HARD,6.0,2.0,3.0,1
NOR,McLaren,27.0,0 days 00:01:39.406000,HARD,7.0,2.0,3.0,1
NOR,McLaren,28.0,0 days 00:01:40.267000,HARD,8.0,2.0,3.0,1
NOR,McLaren,29.0,0 days 00:01:40.097000,HARD,9.0,2.0,3.0,1
NOR,McLaren,30.0,0 days 00:01:39.736000,HARD,10.0,2.0,3.0,1
NOR,McLaren,31.0,0 days 00:01:39.367000,HARD,11.0,2.0,3.0,1
NOR,McLaren,32.0,0 days 00:01:39.291000,HARD,12.0,2.0,3.0,1
NOR,McLaren,33.0,0 days 00:01:39.663000,HARD,13.0,2.0,3.0,1
NOR,McLaren,34.0,0 days 00:01:40.060000,HARD,14.0,2.0,3.0,1
NOR,McLaren,35.0,0 days 00:01:39.701000,HARD,15.0,2.0,3.0,1
NOR,McLaren,36.0,0 days 00:01:39.462000,HARD,16.0,2.0,3.0,1
NOR,McLaren,37.0,0 days 00:01:39.838000,HARD,17.0,2.0,3.0,1
NOR,McLaren,38.0,0 days 00:01:39.720000,HARD,18.0,2.0,3.0,1
NOR,McLaren,39.0,0 days 00:01:39.271000,HARD,19.0,2.0,3.0,1
NOR,McLaren,40.0,0 days 00:01:39.346000,HARD,20.0,2.0,3.0,1
NOR,McLaren,41.0,0 days 00:01:39.662000,HARD,21.0,2.0,3.0,1
NOR,McLaren,42.0,0 days 00:01:39.606000,HARD,22.0,2.0,3.0,1
NOR,McLaren,43.0,0 days 00:01:39.560000,HARD,23.0,2.0,3.0,12
NOR,McLaren,44.0,0 days 00:02:18.860000,HARD,24.0,2.0,2.0,26
NOR,McLaren,45.0,0 days 00:02:00.748000,HARD,25.0,2.0,2.0,671
NOR,McLaren,46.0,0 days 00:01:38.046000,HARD,26.0,2.0,2.0,1
NOR,McLaren,47.0,0 days 00:01:38.157000,HARD,27.0,2.0,2.0,12
NOR,McLaren,48.0,0 days 00:01:38.049000,HARD,28.0,2.0,2.0,1
NOR,McLaren,49.0,0 days 00:01:38.173000,HARD,29.0,2.0,2.0,1
NOR,McLaren,50.0,0 days 00:01:38.148000,HARD,30.0,2.0,2.0,1
NOR,McLaren,51.0,0 days 00:01:38.124000,HARD,31.0,2.0,2.0,1
NOR,McLaren,52.0,0 days 00:01:38.250000,HARD,32.0,2.0,2.0,1
NOR,McLaren,53.0,0 days 00:01:38.392000,HARD,33.0,2.0,2.0,12
NOR,McLaren,54.0,0 days 00:01:38.423000,HARD,34.0,2.0,2.0,1
NOR,McLaren,55.0,0 days 00:01:38.492000,HARD,35.0,2.0,2.0,1
NOR,McLaren,56.0,0 days 00:01:38.473000,HARD,36.0,2.0,2.0,1
NOR,McLaren,57.0,0 days 00:01:38.617000,HARD,37.0,2.0,2.0,1
NOR,McLaren,58.0,0 days 00:01:39.160000,HARD,38.0,2.0,2.0,1
NOR,McLaren,59.0,0 days 00:01:40.416000,HARD,39.0,2.0,2.0,12
NOR,McLaren,60.0,0 days 00:01:39.396000,HARD,40.0,2.0,2.0,1
NOR,McLaren,61.0,0 days 00:01:39.510000,HARD,41.0,2.0,2.0,1
NOR,McLaren,62.0,0 days 00:01:39.677000,HARD,42.0,2.0,2.0,12
LAW,AlphaTauri,1.0,0 days 00:01:50.934000,MEDIUM,1.0,1.0,12.0,12
LAW,AlphaTauri,2.0,0 days 00:01:42.139000,MEDIUM,2.0,1.0,12.0,12
LAW,AlphaTauri,3.0,0 days 00:01:41.514000,MEDIUM,3.0,1.0,12.0,1
LAW,AlphaTauri,4.0,0 days 00:01:41.359000,MEDIUM,4.0,1.0,12.0,1
LAW,AlphaTauri,5.0,0 days 00:01:41.351000,MEDIUM,5.0,1.0,12.0,1
LAW,AlphaTauri,6.0,0 days 00:01:41.933000,MEDIUM,6.0,1.0,12.0,1
LAW,AlphaTauri,7.0,0 days 00:01:41.468000,MEDIUM,7.0,1.0,12.0,1
LAW,AlphaTauri,8.0,0 days 00:01:40.893000,MEDIUM,8.0,1.0,12.0,1
LAW,AlphaTauri,9.0,0 days 00:01:40.886000,MEDIUM,9.0,1.0,12.0,1
LAW,AlphaTauri,10.0,0 days 00:01:40.598000,MEDIUM,10.0,1.0,12.0,1
LAW,AlphaTauri,11.0,0 days 00:01:40.824000,MEDIUM,11.0,1.0,12.0,1
LAW,AlphaTauri,12.0,0 days 00:01:40.454000,MEDIUM,12.0,1.0,12.0,1
LAW,AlphaTauri,13.0,0 days 00:01:40.642000,MEDIUM,13.0,1.0,12.0,1
LAW,AlphaTauri,14.0,0 days 00:01:40.676000,MEDIUM,14.0,1.0,12.0,1
LAW,AlphaTauri,15.0,0 days 00:01:40.728000,MEDIUM,15.0,1.0,12.0,1
LAW,AlphaTauri,16.0,0 days 00:01:40.941000,MEDIUM,16.0,1.0,12.0,1
LAW,AlphaTauri,17.0,0 days 00:01:40.940000,MEDIUM,17.0,1.0,12.0,1
LAW,AlphaTauri,18.0,0 days 00:01:41.119000,MEDIUM,18.0,1.0,12.0,1
LAW,AlphaTauri,19.0,0 days 00:01:41.286000,MEDIUM,19.0,1.0,12.0,12
LAW,AlphaTauri,20.0,0 days 00:02:08.455000,MEDIUM,20.0,1.0,13.0,14
LAW,AlphaTauri,21.0,,HARD,1.0,2.0,14.0,4
LAW,AlphaTauri,22.0,0 days 00:02:17.713000,HARD,2.0,2.0,14.0,41
LAW,AlphaTauri,23.0,0 days 00:01:43.523000,HARD,3.0,2.0,14.0,1
LAW,AlphaTauri,24.0,0 days 00:01:42.294000,HARD,4.0,2.0,13.0,1
LAW,AlphaTauri,25.0,0 days 00:01:41.399000,HARD,5.0,2.0,13.0,1
LAW,AlphaTauri,26.0,0 days 00:01:40.971000,HARD,6.0,2.0,13.0,1
LAW,AlphaTauri,27.0,0 days 00:01:40.231000,HARD,7.0,2.0,13.0,1
LAW,AlphaTauri,28.0,0 days 00:01:41.500000,HARD,8.0,2.0,13.0,1
LAW,AlphaTauri,29.0,0 days 00:01:41.515000,HARD,9.0,2.0,13.0,1
LAW,AlphaTauri,30.0,0 days 00:01:40.999000,HARD,10.0,2.0,13.0,1
LAW,AlphaTauri,31.0,0 days 00:01:40.440000,HARD,11.0,2.0,13.0,1
LAW,AlphaTauri,32.0,0 days 00:01:40.055000,HARD,12.0,2.0,13.0,1
LAW,AlphaTauri,33.0,0 days 00:01:40.334000,HARD,13.0,2.0,13.0,1
LAW,AlphaTauri,34.0,0 days 00:01:40.953000,HARD,14.0,2.0,13.0,1
LAW,AlphaTauri,35.0,0 days 00:01:42.148000,HARD,15.0,2.0,13.0,1
LAW,AlphaTauri,36.0,0 days 00:01:41.100000,HARD,16.0,2.0,12.0,1
LAW,AlphaTauri,37.0,0 days 00:01:40.797000,HARD,17.0,2.0,12.0,1
LAW,AlphaTauri,38.0,0 days 00:01:41.106000,HARD,18.0,2.0,12.0,1
LAW,AlphaTauri,39.0,0 days 00:01:41.845000,HARD,19.0,2.0,11.0,1
LAW,AlphaTauri,40.0,0 days 00:01:41.182000,HARD,20.0,2.0,11.0,1
LAW,AlphaTauri,41.0,0 days 00:01:40.315000,HARD,21.0,2.0,10.0,1
LAW,AlphaTauri,42.0,0 days 00:01:40.181000,HARD,22.0,2.0,10.0,1
LAW,AlphaTauri,43.0,0 days 00:01:51.885000,HARD,23.0,2.0,9.0,126
LAW,AlphaTauri,44.0,0 days 00:02:18.528000,HARD,24.0,2.0,8.0,6
LAW,AlphaTauri,45.0,0 days 00:01:50.881000,HARD,25.0,2.0,8.0,671
LAW,AlphaTauri,46.0,0 days 00:01:39.132000,HARD,26.0,2.0,8.0,1
LAW,AlphaTauri,47.0,0 days 00:01:39.028000,HARD,27.0,2.0,8.0,12
LAW,AlphaTauri,48.0,0 days 00:01:39.386000,HARD,28.0,2.0,8.0,1
LAW,AlphaTauri,49.0,0 days 00:01:39.783000,HARD,29.0,2.0,8.0,1
LAW,AlphaTauri,50.0,0 days 00:01:41.093000,HARD,30.0,2.0,9.0,1
LAW,AlphaTauri,51.0,0 days 00:01:40.801000,HARD,31.0,2.0,9.0,1
LAW,AlphaTauri,52.0,0 days 00:01:39.950000,HARD,32.0,2.0,9.0,1
LAW,AlphaTauri,53.0,0 days 00:01:39.996000,HARD,33.0,2.0,9.0,12
LAW,AlphaTauri,54.0,0 days 00:01:39.884000,HARD,34.0,2.0,9.0,1
LAW,AlphaTauri,55.0,0 days 00:01:39.803000,HARD,35.0,2.0,9.0,1
LAW,AlphaTauri,56.0,0 days 00:01:39.962000,HARD,36.0,2.0,9.0,1
LAW,AlphaTauri,57.0,0 days 00:01:41.698000,HARD,37.0,2.0,9.0,1
LAW,AlphaTauri,58.0,0 days 00:01:41.423000,HARD,38.0,2.0,9.0,12
LAW,AlphaTauri,59.0,0 days 00:01:41.910000,HARD,39.0,2.0,9.0,1
LAW,AlphaTauri,60.0,0 days 00:01:43.089000,HARD,40.0,2.0,10.0,1
LAW,AlphaTauri,61.0,0 days 00:01:41.007000,HARD,41.0,2.0,10.0,12
LAW,AlphaTauri,62.0,0 days 00:01:42.328000,HARD,42.0,2.0,9.0,2
HAM,Mercedes,1.0,0 days 00:01:45.023000,MEDIUM,1.0,1.0,3.0,12
HAM,Mercedes,2.0,0 days 00:01:42.587000,MEDIUM,2.0,1.0,4.0,12
HAM,Mercedes,3.0,0 days 00:01:41.088000,MEDIUM,3.0,1.0,4.0,1
HAM,Mercedes,4.0,0 days 00:01:42.861000,MEDIUM,4.0,1.0,5.0,1
HAM,Mercedes,5.0,0 days 00:01:40.978000,MEDIUM,5.0,1.0,5.0,1
HAM,Mercedes,6.0,0 days 00:01:40.126000,MEDIUM,6.0,1.0,5.0,1
HAM,Mercedes,7.0,0 days 00:01:39.918000,MEDIUM,7.0,1.0,5.0,1
HAM,Mercedes,8.0,0 days 00:01:40.166000,MEDIUM,8.0,1.0,5.0,1
HAM,Mercedes,9.0,0 days 00:01:40.312000,MEDIUM,9.0,1.0,5.0,1
HAM,Mercedes,10.0,0 days 00:01:40.144000,MEDIUM,10.0,1.0,5.0,1
HAM,Mercedes,11.0,0 days 00:01:40.241000,MEDIUM,11.0,1.0,5.0,1
HAM,Mercedes,12.0,0 days 00:01:40.218000,MEDIUM,12.0,1.0,5.0,1
HAM,Mercedes,13.0,0 days 00:01:40.081000,MEDIUM,13.0,1.0,5.0,1
HAM,Mercedes,14.0,0 days 00:01:40.273000,MEDIUM,14.0,1.0,5.0,1
HAM,Mercedes,15.0,0 days 00:01:40.394000,MEDIUM,15.0,1.0,5.0,1
HAM,Mercedes,16.0,0 days 00:01:40.785000,MEDIUM,16.0,1.0,5.0,1
HAM,Mercedes,17.0,0 days 00:01:40.380000,MEDIUM,17.0,1.0,5.0,1
HAM,Mercedes,18.0,0 days 00:01:40.364000,MEDIUM,18.0,1.0,5.0,1
HAM,Mercedes,19.0,0 days 00:01:39.394000,MEDIUM,19.0,1.0,5.0,12
HAM,Mercedes,20.0,0 days 00:02:01.815000,MEDIUM,20.0,1.0,5.0,14
HAM,Mercedes,21.0,,HARD,1.0,2.0,7.0,4
HAM,Mercedes,22.0,0 days 00:02:26.231000,HARD,2.0,2.0,7.0,41
HAM,Mercedes,23.0,0 days 00:01:43.080000,HARD,3.0,2.0,6.0,1
HAM,Mercedes,24.0,0 days 00:01:40.957000,HARD,4.0,2.0,5.0,1
HAM,Mercedes,25.0,0 days 00:01:40.442000,HARD,5.0,2.0,5.0,1
HAM,Mercedes,26.0,0 days 00:01:39.954000,HARD,6.0,2.0,5.0,1
HAM,Mercedes,27.0,0 days 00:01:39.226000,HARD,7.0,2.0,4.0,1
HAM,Mercedes,28.0,0 days 00:01:39.679000,HARD,8.0,2.0,4.0,1
HAM,Mercedes,29.0,0 days 00:01:39.520000,HARD,9.0,2.0,4.0,1
HAM,Mercedes,30.0,0 days 00:01:39.142000,HARD,10.0,2.0,4.0,1
HAM,Mercedes,31.0,0 days 00:01:39.320000,HARD,11.0,2.0,4.0,1
HAM,Mercedes,32.0,0 days 00:01:39.186000,HARD,12.0,2.0,4.0,1
HAM,Mercedes,33.0,0 days 00:01:40.620000,HARD,13.0,2.0,4.0,1
HAM,Mercedes,34.0,0 days 00:01:39.545000,HARD,14.0,2.0,4.0,1
HAM,Mercedes,35.0,0 days 00:01:39.510000,HARD,15.0,2.0,4.0,1
HAM,Mercedes,36.0,0 days 00:01:39.362000,HARD,16.0,2.0,4.0,1
HAM,Mercedes,37.0,0 days 00:01:39.959000,HARD,17.0,2.0,4.0,1
HAM,Mercedes,38.0,0 days 00:01:39.860000,HARD,18.0,2.0,4.0,1
HAM,Mercedes,39.0,0 days 00:01:39.264000,HARD,19.0,2.0,4.0,1
HAM,Mercedes,40.0,0 days 00:01:39.472000,HARD,20.0,2.0,4.0,1
HAM,Mercedes,41.0,0 days 00:01:39.698000,HARD,21.0,2.0,4.0,1
HAM,Mercedes,42.0,0 days 00:01:39.686000,HARD,22.0,2.0,4.0,1
HAM,Mercedes,43.0,0 days 00:01:39.291000,HARD,23.0,2.0,4.0,126
HAM,Mercedes,44.0,0 days 00:02:25.716000,HARD,24.0,2.0,5.0,6
HAM,Mercedes,45.0,0 days 00:02:13.606000,MEDIUM,1.0,3.0,5.0,671
HAM,Mercedes,46.0,0 days 00:01:36.953000,MEDIUM,2.0,3.0,5.0,1
HAM,Mercedes,47.0,0 days 00:01:35.867000,MEDIUM,3.0,3.0,5.0,12
HAM,Mercedes,48.0,0 days 00:01:36.122000,MEDIUM,4.0,3.0,5.0,1
HAM,Mercedes,49.0,0 days 00:01:36.220000,MEDIUM,5.0,3.0,5.0,1
HAM,Mercedes,50.0,0 days 00:01:36.462000,MEDIUM,6.0,3.0,5.0,1
HAM,Mercedes,51.0,0 days 00:01:36.479000,MEDIUM,7.0,3.0,5.0,1
HAM,Mercedes,52.0,0 days 00:01:36.555000,MEDIUM,8.0,3.0,5.0,1
HAM,Mercedes,53.0,0 days 00:01:37.698000,MEDIUM,9.0,3.0,5.0,12
HAM,Mercedes,54.0,0 days 00:01:37.924000,MEDIUM,10.0,3.0,4.0,1
HAM,Mercedes,55.0,0 days 00:01:37.221000,MEDIUM,11.0,3.0,4.0,1
HAM,Mercedes,56.0,0 days 00:01:36.411000,MEDIUM,12.0,3.0,4.0,1
HAM,Mercedes,57.0,0 days 00:01:37.111000,MEDIUM,13.0,3.0,4.0,1
HAM,Mercedes,58.0,0 days 00:01:37.982000,MEDIUM,14.0,3.0,4.0,1
HAM,Mercedes,59.0,0 days 00:01:40.167000,MEDIUM,15.0,3.0,4.0,12
HAM,Mercedes,60.0,0 days 00:01:39.772000,MEDIUM,16.0,3.0,4.0,1
HAM,Mercedes,61.0,0 days 00:01:39.096000,MEDIUM,17.0,3.0,4.0,1
HAM,Mercedes,62.0,0 days 00:01:39.347000,MEDIUM,18.0,3.0,3.0,12
SAI,Ferrari,1.0,0 days 00:01:43.309000,MEDIUM,1.0,1.0,1.0,12
SAI,Ferrari,2.0,0 days 00:01:41.383000,MEDIUM,2.0,1.0,1.0,12
SAI,Ferrari,3.0,0 days 00:01:40.962000,MEDIUM,3.0,1.0,1.0,1
SAI,Ferrari,4.0,0 days 00:01:40.580000,MEDIUM,4.0,1.0,1.0,1
SAI,Ferrari,5.0,0 days 00:01:40.551000,MEDIUM,5.0,1.0,1.0,1
SAI,Ferrari,6.0,0 days 00:01:40.113000,MEDIUM,6.0,1.0,1.0,1
SAI,Ferrari,7.0,0 days 00:01:40.178000,MEDIUM,7.0,1.0,1.0,1
SAI,Ferrari,8.0,0 days 00:01:40.503000,MEDIUM,8.0,1.0,1.0,1
SAI,Ferrari,9.0,0 days 00:01:39.626000,MEDIUM,9.0,1.0,1.0,1
SAI,Ferrari,10.0,0 days 00:01:40.369000,MEDIUM,10.0,1.0,1.0,1
SAI,Ferrari,11.0,0 days 00:01:40.297000,MEDIUM,11.0,1.0,1.0,1
SAI,Ferrari,12.0,0 days 00:01:40.530000,MEDIUM,12.0,1.0,1.0,1
SAI,Ferrari,13.0,0 days 00:01:40.356000,MEDIUM,13.0,1.0,1.0,1
SAI,Ferrari,14.0,0 days 00:01:40.398000,MEDIUM,14.0,1.0,1.0,1
SAI,Ferrari,15.0,0 days 00:01:39.937000,MEDIUM,15.0,1.0,1.0,1
SAI,Ferrari,16.0,0 days 00:01:39.398000,MEDIUM,16.0,1.0,1.0,1
SAI,Ferrari,17.0,0 days 00:01:39.448000,MEDIUM,17.0,1.0,1.0,1
SAI,Ferrari,18.0,0 days 00:01:38.992000,MEDIUM,18.0,1.0,1.0,1
SAI,Ferrari,19.0,0 days 00:01:39.029000,MEDIUM,19.0,1.0,1.0,12
SAI,Ferrari,20.0,0 days 00:01:56.824000,MEDIUM,20.0,1.0,1.0,14
SAI,Ferrari,21.0,,HARD,1.0,2.0,1.0,4
SAI,Ferrari,22.0,,HARD,2.0,2.0,1.0,41
SAI,Ferrari,23.0,0 days 00:01:42.423000,HARD,3.0,2.0,1.0,1
SAI,Ferrari,24.0,0 days 00:01:39.792000,HARD,4.0,2.0,1.0,1
SAI,Ferrari,25.0,0 days 00:01:39.726000,HARD,5.0,2.0,1.0,1
SAI,Ferrari,26.0,0 days 00:01:39.185000,HARD,6.0,2.0,1.0,1
SAI,Ferrari,27.0,0 days 00:01:39.835000,HARD,7.0,2.0,1.0,1
SAI,Ferrari,28.0,0 days 00:01:41.230000,HARD,8.0,2.0,1.0,1
SAI,Ferrari,29.0,0 days 00:01:40.225000,HARD,9.0,2.0,1.0,1
SAI,Ferrari,30.0,0 days 00:01:40.217000,HARD,10.0,2.0,1.0,1
SAI,Ferrari,31.0,0 days 00:01:39.633000,HARD,11.0,2.0,1.0,1
SAI,Ferrari,32.0,0 days 00:01:39.184000,HARD,12.0,2.0,1.0,1
SAI,Ferrari,33.0,0 days 00:01:39.235000,HARD,13.0,2.0,1.0,1
SAI,Ferrari,34.0,0 days 00:01:40.025000,HARD,14.0,2.0,1.0,1
SAI,Ferrari,35.0,0 days 00:01:39.970000,HARD,15.0,2.0,1.0,1
SAI,Ferrari,36.0,0 days 00:01:39.544000,HARD,16.0,2.0,1.0,1
SAI,Ferrari,37.0,0 days 00:01:39.884000,HARD,17.0,2.0,1.0,1
SAI,Ferrari,38.0,0 days 00:01:39.519000,HARD,18.0,2.0,1.0,1
SAI,Ferrari,39.0,0 days 00:01:39.253000,HARD,19.0,2.0,1.0,1
SAI,Ferrari,40.0,0 days 00:01:39.393000,HARD,20.0,2.0,1.0,1
SAI,Ferrari,41.0,0 days 00:01:39.798000,HARD,21.0,2.0,1.0,1
SAI,Ferrari,42.0,0 days 00:01:39.939000,HARD,22.0,2.0,1.0,1
SAI,Ferrari,43.0,0 days 00:01:39.248000,HARD,23.0,2.0,1.0,12
SAI,Ferrari,44.0,0 days 00:02:18.570000,HARD,24.0,2.0,1.0,26
SAI,Ferrari,45.0,0 days 00:02:01.324000,HARD,25.0,2.0,1.0,671
SAI,Ferrari,46.0,0 days 00:01:37.913000,HARD,26.0,2.0,1.0,1
SAI,Ferrari,47.0,0 days 00:01:37.666000,HARD,27.0,2.0,1.0,12
SAI,Ferrari,48.0,0 days 00:01:38.200000,HARD,28.0,2.0,1.0,1
SAI,Ferrari,49.0,0 days 00:01:38.221000,HARD,29.0,2.0,1.0,1
SAI,Ferrari,50.0,0 days 00:01:38.637000,HARD,30.0,2.0,1.0,1
SAI,Ferrari,51.0,0 days 00:01:38.040000,HARD,31.0,2.0,1.0,1
SAI,Ferrari,52.0,0 days 00:01:38.218000,HARD,32.0,2.0,1.0,1
SAI,Ferrari,53.0,0 days 00:01:38.327000,HARD,33.0,2.0,1.0,12
SAI,Ferrari,54.0,0 days 00:01:38.707000,HARD,34.0,2.0,1.0,1
SAI,Ferrari,55.0,0 days 00:01:38.541000,HARD,35.0,2.0,1.0,1
SAI,Ferrari,56.0,0 days 00:01:38.520000,HARD,36.0,2.0,1.0,1
SAI,Ferrari,57.0,0 days 00:01:38.909000,HARD,37.0,2.0,1.0,1
SAI,Ferrari,58.0,0 days 00:01:39.337000,HARD,38.0,2.0,1.0,1
SAI,Ferrari,59.0,0 days 00:01:39.575000,HARD,39.0,2.0,1.0,12
SAI,Ferrari,60.0,0 days 00:01:40.042000,HARD,40.0,2.0,1.0,1
SAI,Ferrari,61.0,0 days 00:01:39.292000,HARD,41.0,2.0,1.0,1
SAI,Ferrari,62.0,0 days 00:01:39.958000,HARD,42.0,2.0,1.0,12
RUS,Mercedes,1.0,0 days 00:01:45.772000,MEDIUM,1.0,1.0,4.0,12
RUS,Mercedes,2.0,0 days 00:01:41.103000,MEDIUM,2.0,1.0,3.0,12
RUS,Mercedes,3.0,0 days 00:01:40.944000,MEDIUM,3.0,1.0,3.0,1
RUS,Mercedes,4.0,0 days 00:01:41.086000,MEDIUM,4.0,1.0,3.0,1
RUS,Mercedes,5.0,0 days 00:01:40.464000,MEDIUM,5.0,1.0,3.0,1
RUS,Mercedes,6.0,0 days 00:01:40.221000,MEDIUM,6.0,1.0,3.0,1
RUS,Mercedes,7.0,0 days 00:01:40.271000,MEDIUM,7.0,1.0,3.0,1
RUS,Mercedes,8.0,0 days 00:01:40.464000,MEDIUM,8.0,1.0,3.0,1
RUS,Mercedes,9.0,0 days 00:01:40.039000,MEDIUM,9.0,1.0,3.0,1
RUS,Mercedes,10.0,0 days 00:01:40.093000,MEDIUM,10.0,1.0,3.0,1
RUS,Mercedes,11.0,0 days 00:01:40.595000,MEDIUM,11.0,1.0,3.0,1
RUS,Mercedes,12.0,0 days 00:01:40.463000,MEDIUM,12.0,1.0,3.0,1
RUS,Mercedes,13.0,0 days 00:01:40.344000,MEDIUM,13.0,1.0,3.0,1
RUS,Mercedes,14.0,0 days 00:01:40.758000,MEDIUM,14.0,1.0,3.0,1
RUS,Mercedes,15.0,0 days 00:01:39.965000,MEDIUM,15.0,1.0,3.0,1
RUS,Mercedes,16.0,0 days 00:01:40.062000,MEDIUM,16.0,1.0,3.0,1
RUS,Mercedes,17.0,0 days 00:01:40.029000,MEDIUM,17.0,1.0,3.0,1
RUS,Mercedes,18.0,0 days 00:01:39.686000,MEDIUM,18.0,1.0,3.0,1
RUS,Mercedes,19.0,0 days 00:01:39.996000,MEDIUM,19.0,1.0,3.0,12
RUS,Mercedes,20.0,0 days 00:02:00.405000,MEDIUM,20.0,1.0,3.0,14
RUS,Mercedes,21.0,,HARD,1.0,2.0,3.0,4
RUS,Mercedes,22.0,0 days 00:02:29.337000,HARD,2.0,2.0,3.0,41
RUS,Mercedes,23.0,0 days 00:01:42.341000,HARD,3.0,2.0,2.0,1
RUS,Mercedes,24.0,0 days 00:01:39.501000,HARD,4.0,2.0,2.0,1
RUS,Mercedes,25.0,0 days 00:01:39.560000,HARD,5.0,2.0,2.0,1
RUS,Mercedes,26.0,0 days 00:01:39.173000,HARD,6.0,2.0,2.0,1
RUS,Mercedes,27.0,0 days 00:01:40.205000,HARD,7.0,2.0,2.0,1
RUS,Mercedes,28.0,0 days 00:01:41.181000,HARD,8.0,2.0,2.0,1
RUS,Mercedes,29.0,0 days 00:01:40.413000,HARD,9.0,2.0,2.0,1
RUS,Mercedes,30.0,0 days 00:01:40.067000,HARD,10.0,2.0,2.0,1
RUS,Mercedes,31.0,0 days 00:01:39.458000,HARD,11.0,2.0,2.0,1
RUS,Mercedes,32.0,0 days 00:01:39.319000,HARD,12.0,2.0,2.0,1
RUS,Mercedes,33.0,0 days 00:01:39.348000,HARD,13.0,2.0,2.0,1
RUS,Mercedes,34.0,0 days 00:01:39.961000,HARD,14.0,2.0,2.0,1
RUS,Mercedes,35.0,0 days 00:01:39.986000,HARD,15.0,2.0,2.0,1
RUS,Mercedes,36.0,0 days 00:01:39.474000,HARD,16.0,2.0,2.0,1
RUS,Mercedes,37.0,0 days 00:01:39.776000,HARD,17.0,2.0,2.0,1
RUS,Mercedes,38.0,0 days 00:01:39.635000,HARD,18.0,2.0,2.0,1
RUS,Mercedes,39.0,0 days 00:01:39.169000,HARD,19.0,2.0,2.0,1
RUS,Mercedes,40.0,0 days 00:01:39.322000,HARD,20.0,2.0,2.0,1
RUS,Mercedes,41.0,0 days 00:01:39.803000,HARD,21.0,2.0,2.0,1
RUS,Mercedes,42.0,0 days 00:01:39.845000,HARD,22.0,2.0,2.0,1
RUS,Mercedes,43.0,0 days 00:01:39.482000,HARD,23.0,2.0,2.0,12
RUS,Mercedes,44.0,0 days 00:02:24.887000,HARD,24.0,2.0,4.0,26
RUS,Mercedes,45.0,0 days 00:02:11.669000,MEDIUM,1.0,3.0,4.0,671
RUS,Mercedes,46.0,0 days 00:01:36.273000,MEDIUM,2.0,3.0,4.0,1
RUS,Mercedes,47.0,0 days 00:01:36.419000,MEDIUM,3.0,3.0,4.0,12
RUS,Mercedes,48.0,0 days 00:01:36.649000,MEDIUM,4.0,3.0,4.0,1
RUS,Mercedes,49.0,0 days 00:01:36.569000,MEDIUM,5.0,3.0,4.0,1
RUS,Mercedes,50.0,0 days 00:01:37.006000,MEDIUM,6.0,3.0,4.0,1
RUS,Mercedes,51.0,0 days 00:01:36.757000,MEDIUM,7.0,3.0,4.0,1
RUS,Mercedes,52.0,0 days 00:01:37.414000,MEDIUM,8.0,3.0,4.0,1
RUS,Mercedes,53.0,0 days 00:01:38.567000,MEDIUM,9.0,3.0,3.0,12
RUS,Mercedes,54.0,0 days 00:01:37.396000,MEDIUM,10.0,3.0,3.0,1
RUS,Mercedes,55.0,0 days 00:01:36.937000,MEDIUM,11.0,3.0,3.0,1
RUS,Mercedes,56.0,0 days 00:01:37.029000,MEDIUM,12.0,3.0,3.0,1
RUS,Mercedes,57.0,0 days 00:01:37.246000,MEDIUM,13.0,3.0,3.0,1
RUS,Mercedes,58.0,0 days 00:01:38.686000,MEDIUM,14.0,3.0,3.0,1
RUS,Mercedes,59.0,0 days 00:01:40.239000,MEDIUM,15.0,3.0,3.0,12
RUS,Mercedes,60.0,0 days 00:01:39.510000,MEDIUM,16.0,3.0,3.0,1
RUS,Mercedes,61.0,0 days 00:01:39.314000,MEDIUM,17.0,3.0,3.0,1
RUS,Mercedes,62.0,,MEDIUM,18.0,3.0,,12
BOT,Alfa Romeo,1.0,0 days 00:01:54.714000,HARD,1.0,1.0,17.0,12
BOT,Alfa Romeo,2.0,0 days 00:01:42.182000,HARD,2.0,1.0,17.0,21
BOT,Alfa Romeo,3.0,0 days 00:01:43.036000,HARD,3.0,1.0,17.0,1
BOT,Alfa Romeo,4.0,0 days 00:01:41.766000,HARD,4.0,1.0,17.0,1
BOT,Alfa Romeo,5.0,0 days 00:01:41.757000,HARD,5.0,1.0,17.0,1
BOT,Alfa Romeo,6.0,0 days 00:01:41.270000,HARD,6.0,1.0,17.0,1
BOT,Alfa Romeo,7.0,0 days 00:01:42.397000,HARD,7.0,1.0,17.0,1
BOT,Alfa Romeo,8.0,0 days 00:01:42.153000,HARD,8.0,1.0,17.0,1
BOT,Alfa Romeo,9.0,0 days 00:01:41.303000,HARD,9.0,1.0,17.0,1
BOT,Alfa Romeo,10.0,0 days 00:01:41.230000,HARD,10.0,1.0,17.0,1
BOT,Alfa Romeo,11.0,0 days 00:01:41.376000,HARD,11.0,1.0,17.0,1
BOT,Alfa Romeo,12.0,0 days 00:01:41.063000,HARD,12.0,1.0,17.0,1
BOT,Alfa Romeo,13.0,0 days 00:01:41.194000,HARD,13.0,1.0,17.0,1
BOT,Alfa Romeo,14.0,0 days 00:01:40.955000,HARD,14.0,1.0,17.0,1
BOT,Alfa Romeo,15.0,0 days 00:01:40.793000,HARD,15.0,1.0,17.0,1
BOT,Alfa Romeo,16.0,0 days 00:01:40.925000,HARD,16.0,1.0,17.0,1
BOT,Alfa Romeo,17.0,0 days 00:01:40.809000,HARD,17.0,1.0,17.0,1
BOT,Alfa Romeo,18.0,0 days 00:01:40.904000,HARD,18.0,1.0,17.0,1
BOT,Alfa Romeo,19.0,0 days 00:01:41.786000,HARD,19.0,1.0,16.0,12
BOT,Alfa Romeo,20.0,0 days 00:02:04.660000,HARD,20.0,1.0,16.0,14
BOT,Alfa Romeo,21.0,,HARD,21.0,1.0,10.0,4
BOT,Alfa Romeo,22.0,0 days 00:02:22.499000,HARD,22.0,1.0,10.0,41
BOT,Alfa Romeo,23.0,0 days 00:01:45.486000,HARD,23.0,1.0,13.0,1
BOT,Alfa Romeo,24.0,0 days 00:01:46.415000,HARD,24.0,1.0,17.0,1
BOT,Alfa Romeo,25.0,0 days 00:01:41.759000,HARD,25.0,1.0,17.0,1
BOT,Alfa Romeo,26.0,0 days 00:01:41.366000,HARD,26.0,1.0,17.0,1
BOT,Alfa Romeo,27.0,0 days 00:01:41.288000,HARD,27.0,1.0,17.0,1
BOT,Alfa Romeo,28.0,0 days 00:01:41.288000,HARD,28.0,1.0,17.0,1
BOT,Alfa Romeo,29.0,0 days 00:01:41.478000,HARD,29.0,1.0,17.0,1
BOT,Alfa Romeo,30.0,0 days 00:01:41.369000,HARD,30.0,1.0,17.0,1
BOT,Alfa Romeo,31.0,0 days 00:01:40.907000,HARD,31.0,1.0,17.0,1
BOT,Alfa Romeo,32.0,0 days 00:01:41.162000,HARD,32.0,1.0,17.0,1
BOT,Alfa Romeo,33.0,0 days 00:01:41.060000,HARD,33.0,1.0,17.0,1
BOT,Alfa Romeo,34.0,0 days 00:01:41.088000,HARD,34.0,1.0,17.0,1
BOT,Alfa Romeo,35.0,0 days 00:01:40.808000,HARD,35.0,1.0,17.0,1
BOT,Alfa Romeo,36.0,0 days 00:01:41.628000,HARD,36.0,1.0,17.0,1
BOT,Alfa Romeo,37.0,0 days 00:01:42.375000,HARD,37.0,1.0,17.0,1
BOT,Alfa Romeo,38.0,0 days 00:01:42.282000,HARD,38.0,1.0,17.0,1
BOT,Alfa Romeo,39.0,0 days 00:01:42.059000,HARD,39.0,1.0,17.0,1
BOT,Alfa Romeo,40.0,0 days 00:01:50.101000,HARD,40.0,1.0,16.0,1
BOT,Alfa Romeo,41.0,0 days 00:02:00.751000,MEDIUM,1.0,2.0,18.0,1
BOT,Alfa Romeo,42.0,0 days 00:01:38.392000,MEDIUM,2.0,2.0,18.0,12
BOT,Alfa Romeo,43.0,0 days 00:02:06.949000,MEDIUM,3.0,2.0,17.0,26
BOT,Alfa Romeo,44.0,0 days 00:02:14.405000,MEDIUM,4.0,2.0,16.0,671
BOT,Alfa Romeo,45.0,0 days 00:01:39.080000,MEDIUM,5.0,2.0,16.0,1
BOT,Alfa Romeo,46.0,0 days 00:01:38.979000,MEDIUM,6.0,2.0,15.0,12
BOT,Alfa Romeo,47.0,0 days 00:01:38.729000,MEDIUM,7.0,2.0,15.0,1
BOT,Alfa Romeo,48.0,0 days 00:01:38.573000,MEDIUM,8.0,2.0,15.0,1
BOT,Alfa Romeo,49.0,0 days 00:01:38.525000,MEDIUM,9.0,2.0,15.0,1
BOT,Alfa Romeo,50.0,0 days 00:01:38.092000,MEDIUM,10.0,2.0,15.0,1
BOT,Alfa Romeo,51.0,0 days 00:01:38.075000,MEDIUM,11.0,2.0,15.0,1
BOT,Alfa Romeo,52.0,,MEDIUM,12.0,2.0,,12
PIA,McLaren,1.0,0 days 00:01:51.927000,MEDIUM,1.0,1.0,14.0,12
PIA,McLaren,2.0,0 days 00:01:42.060000,MEDIUM,2.0,1.0,14.0,12
PIA,McLaren,3.0,0 days 00:01:41.909000,MEDIUM,3.0,1.0,14.0,1
PIA,McLaren,4.0,0 days 00:01:41.370000,MEDIUM,4.0,1.0,14.0,1
PIA,McLaren,5.0,0 days 00:01:41.241000,MEDIUM,5.0,1.0,14.0,1
PIA,McLaren,6.0,0 days 00:01:42.673000,MEDIUM,6.0,1.0,14.0,1
PIA,McLaren,7.0,0 days 00:01:42.309000,MEDIUM,7.0,1.0,14.0,1
PIA,McLaren,8.0,0 days 00:01:41.091000,MEDIUM,8.0,1.0,14.0,1
PIA,McLaren,9.0,0 days 00:01:40.474000,MEDIUM,9.0,1.0,14.0,1
PIA,McLaren,10.0,0 days 00:01:40.528000,MEDIUM,10.0,1.0,14.0,1
PIA,McLaren,11.0,0 days 00:01:40.678000,MEDIUM,11.0,1.0,14.0,1
PIA,McLaren,12.0,0 days 00:01:40.563000,MEDIUM,12.0,1.0,14.0,1
PIA,McLaren,13.0,0 days 00:01:41.119000,MEDIUM,13.0,1.0,14.0,1
PIA,McLaren,14.0,0 days 00:01:40.307000,MEDIUM,14.0,1.0,14.0,1
PIA,McLaren,15.0,0 days 00:01:40.709000,MEDIUM,15.0,1.0,14.0,1
PIA,McLaren,16.0,0 days 00:01:40.600000,MEDIUM,16.0,1.0,14.0,1
PIA,McLaren,17.0,0 days 00:01:40.846000,MEDIUM,17.0,1.0,14.0,1
PIA,McLaren,18.0,0 days 00:01:40.895000,MEDIUM,18.0,1.0,14.0,1
PIA,McLaren,19.0,0 days 00:01:41.322000,MEDIUM,19.0,1.0,14.0,12
PIA,McLaren,20.0,0 days 00:02:08.998000,MEDIUM,20.0,1.0,14.0,14
PIA,McLaren,21.0,,HARD,1.0,2.0,13.0,4
PIA,McLaren,22.0,0 days 00:02:18.790000,HARD,2.0,2.0,13.0,41
PIA,McLaren,23.0,0 days 00:01:43.549000,HARD,3.0,2.0,12.0,1
PIA,McLaren,24.0,0 days 00:01:42.238000,HARD,4.0,2.0,12.0,1
PIA,McLaren,25.0,0 days 00:01:41.272000,HARD,5.0,2.0,12.0,1
PIA,McLaren,26.0,0 days 00:01:40.802000,HARD,6.0,2.0,12.0,1
PIA,McLaren,27.0,0 days 00:01:40.529000,HARD,7.0,2.0,12.0,1
PIA,McLaren,28.0,0 days 00:01:41.470000,HARD,8.0,2.0,12.0,1
PIA,McLaren,29.0,0 days 00:01:41.749000,HARD,9.0,2.0,12.0,1
PIA,McLaren,30.0,0 days 00:01:40.553000,HARD,10.0,2.0,12.0,1
PIA,McLaren,31.0,0 days 00:01:40.033000,HARD,11.0,2.0,12.0,1
PIA,McLaren,32.0,0 days 00:01:40.104000,HARD,12.0,2.0,12.0,1
PIA,McLaren,33.0,0 days 00:01:40.237000,HARD,13.0,2.0,12.0,1
PIA,McLaren,34.0,0 days 00:01:41.598000,HARD,14.0,2.0,12.0,1
PIA,McLaren,35.0,0 days 00:01:42.204000,HARD,15.0,2.0,12.0,1
PIA,McLaren,36.0,0 days 00:01:40.587000,HARD,16.0,2.0,11.0,1
PIA,McLaren,37.0,0 days 00:01:40.368000,HARD,17.0,2.0,11.0,1
PIA,McLaren,38.0,0 days 00:01:40.858000,HARD,18.0,2.0,11.0,1
PIA,McLaren,39.0,0 days 00:01:42.986000,HARD,19.0,2.0,10.0,1
PIA,McLaren,40.0,0 days 00:01:40.299000,HARD,20.0,2.0,10.0,1
PIA,McLaren,41.0,0 days 00:01:39.982000,HARD,21.0,2.0,9.0,1
PIA,McLaren,42.0,0 days 00:01:39.783000,HARD,22.0,2.0,9.0,1
PIA,McLaren,43.0,0 days 00:01:52.356000,HARD,23.0,2.0,8.0,126
PIA,McLaren,44.0,0 days 00:02:16.298000,HARD,24.0,2.0,7.0,6
PIA,McLaren,45.0,0 days 00:01:52.685000,HARD,25.0,2.0,7.0,671
PIA,McLaren,46.0,0 days 00:01:38.492000,HARD,26.0,2.0,7.0,1
PIA,McLaren,47.0,0 days 00:01:38.889000,HARD,27.0,2.0,7.0,12
PIA,McLaren,48.0,0 days 00:01:38.647000,HARD,28.0,2.0,7.0,1
PIA,McLaren,49.0,0 days 00:01:39.008000,HARD,29.0,2.0,7.0,1
PIA,McLaren,50.0,0 days 00:01:38.832000,HARD,30.0,2.0,7.0,1
PIA,McLaren,51.0,0 days 00:01:38.656000,HARD,31.0,2.0,7.0,1
PIA,McLaren,52.0,0 days 00:01:38.793000,HARD,32.0,2.0,7.0,1
PIA,McLaren,53.0,0 days 00:01:38.773000,HARD,33.0,2.0,7.0,12
PIA,McLaren,54.0,0 days 00:01:40.546000,HARD,34.0,2.0,8.0,1
PIA,McLaren,55.0,0 days 00:01:40.108000,HARD,35.0,2.0,8.0,1
PIA,McLaren,56.0,0 days 00:01:39.141000,HARD,36.0,2.0,8.0,1
PIA,McLaren,57.0,0 days 00:01:39.140000,HARD,37.0,2.0,8.0,1
PIA,McLaren,58.0,0 days 00:01:39.516000,HARD,38.0,2.0,8.0,12
PIA,McLaren,59.0,0 days 00:01:39.428000,HARD,39.0,2.0,8.0,21
PIA,McLaren,60.0,0 days 00:01:39.189000,HARD,40.0,2.0,8.0,1
PIA,McLaren,61.0,0 days 00:01:39.616000,HARD,41.0,2.0,8.0,1
PIA,McLaren,62.0,0 days 00:01:41.410000,HARD,42.0,2.0,7.0,12
